nucleus_id,x,y,area,perimeter,circularity,aspect_ratio,solidity,eccentricity,extent,feret_diameter_max,roundness,haralick_contrast,haralick_homogeneity,haralick_energy,haralick_correlation,lbp_uniformity,lbp_entropy,r_mean,r_std,r_median,r_skewness,r_kurtosis,g_mean,g_std,g_median,g_skewness,g_kurtosis,b_mean,b_std,b_median,b_skewness,b_kurtosis,rg_ratio,rb_ratio,gb_ratio,rg_diff,rb_diff,gb_diff,intensity_mean,intensity_std,intensity_median,intensity_min,intensity_max,intensity_range,intensity_skewness,intensity_kurtosis
1.0,515.1826524570752,28.75814091178212,2820.0,195.3380951166243,0.9287205936101038,1.005521340797716,0.9842931937172775,0.10465130024742757,0.7966101694915254,61.465437442517235,0.9944808723948202,0.26595820859790076,0.9991611997980896,0.9984615006584735,0.9626271079478034,0.9972795198143082,0.018205377330550727,58.46737588652482,35.15455237502672,42.0,0.7138312054799042,-0.7035396101965437,27.973758865248225,18.902099944842973,20.0,1.0678190626333863,0.8292869987215323,71.24751773049645,27.348390805565526,65.0,0.5703134010149704,-0.6125613176875184,2.090079355011163,0.8206233388734139,0.39262783822200736,30.493617021276595,-12.780141843971634,-43.273758865248226,42.02056737588652,24.455291433771723,32.0,14,136,122,0.8226075923843961,-0.22152994842299822
2.0,641.7328767123288,2.198630136986301,1577.0,161.49747468305833,0.7598188891324055,1.7585318831746386,0.9843945068664169,0.8225753241398658,0.7964646464646464,60.8276253029822,0.5402504584049144,0.9280209309707617,0.999324855521714,0.9991396331361307,0.9769288327543606,0.9983313892009821,0.011337998229313246,196.00507292327202,49.31664901704619,211.0,-1.8418151807384857,2.737871040002452,121.83449587824984,42.30867489929002,125.0,-0.6221487531654719,-0.014334670972244279,161.56689917564998,34.81930156765728,166.0,-0.8117832843114806,0.33995274092313865,1.608781417037918,1.2131511709589768,0.754080795632032,74.17057704502218,34.438173747622045,-39.73240329740014,148.53646163601775,42.67204093608825,155.0,26,213,187,-1.1106549859564938,0.8724867101792451
3.0,1131.3302752293578,2.9908256880733943,1621.0,162.66904755831214,0.7698090832499341,1.7387887822597823,0.9860097323600974,0.8180739936067469,0.8186868686868687,60.8276253029822,0.5479353914887545,1.2897983961900161,0.9992736867099773,0.9991161199385146,0.9646146541341983,0.9982759470108851,0.011554722745977604,184.09685379395435,51.611368619041954,201.0,-1.0070356928343653,-0.1420564981097847,110.4293645897594,47.330627035243985,115.0,-0.0866418361501807,-0.918052807711268,152.86057988895743,39.48990368359341,161.0,-0.39501756610640315,-0.7964299568596029,1.66710054411433,1.2043448607061904,0.7224188516745548,73.66748920419495,31.23627390499692,-42.43121529919803,137.2948797038865,46.963352477668465,146.0,42,229,187,-0.43528367594477574,-0.8127463364185759
4.0,1668.3619489559164,7.6287703016241295,1897.0,170.9116882454314,0.8160817515792338,1.5465626260942786,0.9864794591783671,0.7628332863061517,0.8320175438596491,61.39218191268331,0.6216916291930767,1.2661773083224768,0.9992063118062905,0.9989659566370214,0.9711717575925212,0.9979985484590507,0.01328620832615129,171.1771217712177,58.40421598164478,193.0,-0.6034565124037862,-1.0697145098879222,115.64997364259357,54.72856094855381,116.0,-0.09156209492121305,-1.27563725188703,156.31787032156035,45.67912728568155,159.0,-0.1938090087413138,-1.2666187613747535,1.4801310919454083,1.0950579189633343,0.7398384676340387,55.52714812862415,14.859251449657364,-40.667896678966784,136.8924617817607,54.24549354512678,143.0,41,220,179,-0.285838287270753,-1.2312570849075213
5.0,1555.4291799787009,47.64643237486688,2834.0,196.16652224137044,0.9254648414781367,1.000336884105429,0.9833448993754337,0.0259504892251611,0.7872222222222223,61.61168720299745,0.9997107303710104,1.9643669033299955,0.9988191563720831,0.9984534778052419,0.9638133255018944,0.9970783320760925,0.01860000171456029,154.82674664784756,77.43622124128005,190.0,-0.46130101835297166,-1.3950222459141952,96.95624558927311,57.33850191497497,105.0,0.02448894437644133,-1.1312114231062578,136.82004234297813,49.4421820454772,147.0,-0.24769450959394915,-1.120818496253714,1.5968723387203572,1.1316086736738276,0.708640663523214,57.87050105857445,18.00670430486943,-39.86379675370502,118.7999294283698,61.88647938177005,135.0,23,229,206,-0.21446014137856978,-1.2894719541897826
6.0,1502.362505757715,86.52141870105942,2832.0,196.16652224137044,0.9248117258525347,1.0014386841645415,0.9823100936524454,0.05358330693926105,0.7866666666666666,61.61168720299745,0.9986090082606912,1.0595961938637113,0.9989763671253954,0.9984545482746572,0.9452779052106062,0.9970675036176376,0.01903540854298577,95.76518361581921,48.84517670987989,77.0,1.3172590462897251,0.915435455860298,51.0215395480226,34.9248471099358,36.0,1.6378816220897108,2.359611526440429,100.9106638418079,33.82322772504281,91.0,0.9506846469182141,0.24308793405486018,1.8769559771024784,0.9490095493361348,0.5056109791127299,44.74364406779661,-5.145480225988692,-49.8891242937853,70.07874293785311,38.64839257591809,55.0,29,216,187,1.4458803789971306,1.5157720636578107
7.0,774.1032656663724,176.51597528684908,2823.0,196.16652224137047,0.921872705537325,1.0031072079596053,0.9819130434782609,0.07864840257828314,0.7841666666666667,61.61168720299745,0.9969072116328028,0.5153471341221635,0.9990379457094544,0.9984593580291945,0.9584789096649955,0.9971164608956312,0.018897725063867294,81.77754162238753,37.757069261065006,72.0,1.9014668095547045,3.8121705877159346,39.339709528869996,24.133053212808214,32.0,2.172709885748501,5.120092216230956,89.52178533475026,24.43368065472738,83.0,1.3067329852224947,1.5229825528713201,2.078753061513229,0.9134931940477292,0.439442861664593,42.437832093517535,-7.7442437123627315,-50.18207580588027,57.75026567481403,27.993477159489,49.0,26,184,158,2.01757182200509,4.279256861611552
8.0,1636.9858974358974,163.88846153846154,2824.0,196.16652224137044,0.9221992633501264,1.0043267060654708,0.9832869080779945,0.09272309972179853,0.7844444444444445,61.465437442517235,0.995678927849815,2.040393438978589,0.9989381723596786,0.9984588263266448,0.9436228685336747,0.9972253119040928,0.018118263808421103,112.41111898016997,84.14540331492368,83.0,0.28637731360875135,-1.643782704095181,71.05701133144476,58.21939377931578,50.0,0.3388203619770802,-1.5472435914133473,108.01735127478753,58.65343957280595,99.0,0.15403954246456594,-1.6074032109363485,1.581984900204586,1.040676499223731,0.6578296032330546,41.35410764872522,4.393767705382444,-36.960339943342774,87.6334985835694,65.7498200404532,66.0,14,207,193,0.29679040037882537,-1.6081184757615659
9.0,627.303893637227,161.81196581196582,2825.0,195.58073580374355,0.9280602353414638,1.0041005797345086,0.9850069735006973,0.09028283115157676,0.7847222222222222,61.61168720299745,0.995932251725297,1.4623624080449145,0.9988814725001415,0.9984582879895939,0.957724010083949,0.9970760232735413,0.018968109833579015,138.06902654867255,70.02627961776557,169.0,-0.2849426541582356,-1.482465165339298,69.66088495575221,40.963601921738935,78.0,0.16134985334040006,-0.729895367278611,115.09026548672567,39.07897147359359,124.0,-0.04920268792945744,-0.9657909529596949,1.9820165453851786,1.1996585980981793,0.6052717374583366,68.40814159292034,22.978761061946884,-45.42938053097346,95.29557522123893,48.87778580319594,111.0,22,215,193,-0.0937473351951315,-1.2062876918606131
10.0,321.78551532033424,207.64206128133705,2826.0,195.58073580374358,0.9283887522389297,1.0036381728618986,0.9850121993726036,0.08506955136888673,0.785,61.61168720299745,0.9963882631456132,2.173055650261263,0.9988041563543275,0.9984577528428739,0.9372810605323566,0.997034610502449,0.01887614591444071,123.74380750176928,61.417648696027506,105.5,0.6486180055116597,-0.8484696017359696,70.74097664543524,55.25943571265568,45.0,1.2893479475775598,0.5545664492412832,118.35916489738146,45.32633285381613,99.0,1.0669698175184552,-0.04027924762368462,1.7492521784342552,1.0454940908796695,0.5976805996114334,53.00283085633404,5.384642604387821,-47.61818825194622,92.01556970983722,54.92909060478203,68.5,30,238,208,1.0613580012990627,-0.014248040638764614
11.0,146.69962453066333,201.2177722152691,2827.0,195.58073580374355,0.9287172691363959,1.0049626975421895,0.9846743295019157,0.09925722070162481,0.7852777777777777,61.61168720299745,0.9950831209018365,2.568950683323946,0.9989062947678886,0.9984572184623833,0.9643098163953845,0.9970473149721217,0.01898818549743405,167.1301733286169,73.2547731934176,208.0,-0.7463969043767525,-1.0942778463294462,122.01804032543332,64.728881610832,143.0,-0.45605284969697024,-1.2051299417307408,158.18747789175805,57.510186227188264,180.0,-0.6361367242286966,-1.0771143056090178,1.3697169113905485,1.0565322587851889,0.7713508170908996,45.11213300318359,8.942695436858855,-36.16943756632473,139.62858153519633,66.00101833960487,166.0,23,230,207,-0.5935984179442151,-1.169639896534801
12.0,1575.9245283018868,231.27882599580715,2827.0,196.16652224137044,0.9231789367885295,1.0028302807923961,0.9826207855404936,0.07507742992860139,0.7852777777777777,61.61168720299745,0.9971747595587427,2.227685227441546,0.998845377420007,0.9984572184223416,0.9667961491176364,0.9970356891612904,0.01873807840786032,175.05058365758754,47.45585987954818,195.0,-0.7669664606747801,-0.737806638972959,121.9872656526353,43.719923884325134,132.0,-0.31040279922665936,-1.0109089878013235,164.34488857446055,33.56449653330814,171.0,-0.352643994651654,-1.0427008700478393,1.43499063382492,1.0651416370529223,0.7422638252438968,53.06331800495224,10.705695083126983,-42.357622921825254,142.68588609833745,43.31901008676829,156.0,56,210,154,-0.49244697089560113,-0.9605867463326665
13.0,795.2236503856041,242.3239074550129,2828.0,195.58073580374355,0.9290457860338617,1.0046920913919526,0.9846796657381616,0.09653261836414118,0.7855555555555556,61.61168720299745,0.9953500726007803,1.7835422974690243,0.9987673535451057,0.9984566839837187,0.9473373525264938,0.9970238378914417,0.019162344770083568,125.03359264497878,62.38171780215111,97.0,0.4722411594553014,-1.3046271360955253,71.31966053748232,47.48881736480666,49.0,0.7507147978215614,-0.7179553993209211,119.93847241867044,41.39498776535213,103.0,0.5612743938450147,-1.0279217124805275,1.7531434067761944,1.042481116554649,0.594635391790439,53.71393210749646,5.095120226308339,-48.61881188118812,92.92963224893919,50.81508548250808,69.0,26,219,193,0.611796730978826,-1.03091712170938
14.0,1643.6959114139693,247.4118398637138,2832.0,196.16652224137044,0.9248117258525347,1.000736612628502,0.9840166782487839,0.038361426717188556,0.7866666666666666,61.61168720299745,0.9992893102003932,1.1045789704878017,0.9990246051213351,0.99845455035441,0.9122725982447221,0.9970993752712508,0.019124010829821316,75.61087570621469,38.46265883499043,61.0,1.5498166823536481,1.6751529995211385,39.86193502824859,29.98207454456377,27.0,2.0734800352612286,4.040317563629248,88.09533898305085,29.666569017295746,76.0,1.4504794938757808,1.463738679272181,1.8968189991891398,0.8582846332048969,0.4524863118566647,35.7489406779661,-12.484463276836166,-48.23340395480226,56.050494350282484,31.9839283622952,43.0,25,192,167,1.8429947012415202,2.9592214327658475
15.0,1163.3648170011809,252.0236127508855,2823.0,196.16652224137044,0.9218727055373253,1.0032822534291725,0.9822546972860126,0.08082281954325507,0.7841666666666667,61.465437442517235,0.9967247081986993,0.8095724135277512,0.9989100662535991,0.998459356406572,0.9612514406701347,0.9970196450380956,0.018962518509704554,132.266029047113,59.89588679924363,148.0,-0.42993352573725296,-1.1726655070922154,48.04286220332979,20.833685270906752,52.0,-0.2912324897976599,-1.0211900245647145,79.98724760892668,19.011504812532703,83.0,-0.154363196729918,-0.506176274179658,2.753083870962011,1.6535889532494248,0.6006315211414786,84.2231668437832,52.278781438186314,-31.94438540559689,76.86432872830322,32.023321281236754,85.0,15,138,123,-0.40124839790877254,-1.1098443355229504
16.0,367.3632958801498,283.85393258426967,2825.0,195.58073580374358,0.9280602353414636,1.0027687579625586,0.9850069735006973,0.07426036945577728,0.7847222222222222,61.465437442517235,0.9972453900549946,1.337191269784438,0.9987595049452714,0.9984582868238755,0.9699579926092293,0.9970131830038715,0.019205350019867097,149.66761061946903,53.16547181588728,138.0,0.2896570762288655,-1.217468468874702,88.63221238938053,45.41983064102414,76.0,0.867250260804229,-0.09776965154357953,137.85982300884956,35.177418792302376,131.0,0.7131700932083362,-0.2865328980523043,1.6886367448640218,1.085650680182238,0.6429154662676937,61.035398230088504,11.80778761061947,-49.22761061946903,112.50194690265486,45.87459720559889,101.0,36,233,197,0.6287240121518771,-0.6270677417958064
17.0,1111.1188769414575,296.7293906810036,2827.0,196.1665222413705,0.923178936788529,1.0023975288160938,0.983304347826087,0.06912212496409004,0.7852777777777777,61.465437442517235,0.9976088801883636,1.1339917725381472,0.9989311064494812,0.9984572208689004,0.93335543807875,0.9971678484455582,0.018156238905999333,91.9745313052706,62.99941371828981,77.0,0.42405838067389984,-1.2608644602290942,43.969579059073226,32.49968780998369,35.0,0.7959605572688041,-0.3749369443844799,82.76299964626813,33.82404798452989,80.0,0.4095142429399566,-0.7939012936615271,2.0917764798588006,1.111300118389398,0.5312709694784816,48.00495224619738,9.211531659002475,-38.7934205871949,62.75309515387337,41.22612143079779,53.0,14,177,163,0.5627717948427564,-0.8992408076144329
18.0,353.3536585365854,305.3109756097561,2832.0,196.16652224137047,0.9248117258525345,1.0013713631790024,0.9836748871135811,0.05231725093684924,0.7866666666666666,61.61168720299745,0.9986527450541789,0.9187909542808345,0.9988382957959072,0.9984545466889228,0.9707404022376227,0.9970269662687369,0.019303809259635207,130.482697740113,42.41333450189522,118.0,1.0007508601501935,0.19087281791155153,72.0430790960452,33.88347609235346,64.0,1.310688635873971,1.17063974383972,125.3760593220339,28.28763240681202,118.5,1.0840190611821325,0.6985353280459838,1.811176026582333,1.0407305704581,0.5746159153953143,58.43961864406779,5.1066384180791005,-53.33298022598869,95.59851694915254,35.3447833843953,87.0,36,210,174,1.1953858336163175,0.7890805928025229
19.0,564.5034679722562,324.11015911872704,2824.0,196.16652224137044,0.9221992633501264,1.0028800729199696,0.9826026443980515,0.07573213713990365,0.7844444444444445,61.61168720299745,0.9971379145567059,0.9173502399943568,0.9990909072343399,0.9984588270601252,0.8838685700018786,0.9972806362406772,0.018047725904811664,55.29745042492918,41.665512389482714,38.0,1.37196746188204,1.0128996133226034,28.703257790368273,24.48504580637625,17.0,1.7095740241989281,2.4509261692911277,69.84454674220963,33.60906075147381,60.5,0.7663460988172933,-0.36066846234477046,1.9265217498514147,0.7917218022610736,0.4109591819139223,26.59419263456091,-14.547096317280449,-41.14128895184136,41.33958923512748,30.179334933942272,28.0,12,159,147,1.4280227776043153,1.2517309150787623
20.0,391.90191897654586,331.1194029850746,2828.0,196.16652224137044,0.9235054946013304,1.0013866270002285,0.9836521739130435,0.05260699994441589,0.7855555555555556,61.465437442517235,0.998592803444831,1.1324858627238694,0.998805528893166,0.9984566843122052,0.9526627062254597,0.9970356415513854,0.01899545043173052,118.10572842998586,45.93633511430671,102.0,0.7476122960798813,-0.5035755439832541,58.68882602545969,30.48236770284935,47.0,1.2196505274362484,0.6655380294589608,109.37164073550213,26.60568053575222,105.0,0.7165489818232688,-0.30829876239105447,2.0124057069832917,1.079856968731938,0.5366000329768811,59.41690240452617,8.734087694483733,-50.682814710042436,82.22842998585573,34.11605761114335,69.0,32,185,153,1.0036511213363748,0.09371184665192045
21.0,234.9332860184528,343.4819020581973,2823.0,195.58073580374355,0.9274032015465317,1.0034303802189348,0.9829387186629527,0.08261730261337702,0.7841666666666667,61.61168720299745,0.9965810173285942,0.658360471417105,0.9990147986183114,0.9984593591613049,0.9024489190465219,0.9970726943352715,0.019323354554996647,60.18490967056323,19.794189699408495,57.0,1.6247451310426386,4.171208611826755,28.04534183492738,20.993953519866313,23.0,4.190372585662663,21.493841852222065,74.55331207934822,22.805137405342133,70.0,2.8414844652299593,10.762287777981935,2.1459859546227733,0.807273452940988,0.3761783487907376,32.139567835635845,-14.368402408784988,-46.50797024442083,42.94792773645059,19.876802149315992,39.0,21,187,166,3.3724667468226635,15.428176152757164
22.0,51.25583982202447,333.2269187986652,2826.0,195.58073580374355,0.9283887522389298,1.0047262291824441,0.9850121993726036,0.09688068146461512,0.785,61.465437442517235,0.9953191331567122,2.0133843212237097,0.9988484939631553,0.9984577527625043,0.9625094579810888,0.9970153676140131,0.019038681273252322,162.89030431705592,67.0900568147285,194.5,-0.4333824269980556,-1.462364855555651,98.51804670912951,48.52610937150491,108.0,0.016541113033351904,-1.2241224164021298,142.26999292285916,37.75412593697995,148.0,-0.06322929903050971,-1.1537542306573905,1.653405744003609,1.1449378816323053,0.6924724229267247,64.37225760792641,20.62031139419676,-43.75194621372965,122.75265392781316,52.29796533349935,140.0,36,212,176,-0.20670569540133302,-1.370361467806763
23.0,1034.6166861143524,363.04084014002336,2825.0,196.16652224137047,0.9225258211629273,1.002875908704159,0.9822670375521557,0.07567760342190775,0.7847222222222222,61.465437442517235,0.9971275658512502,1.7286615571898374,0.9989610614728477,0.9984582903313979,0.9306007015908161,0.9971591570261344,0.018590891943468323,98.57663716814159,73.21711598832006,64.0,0.5289559374416003,-1.3236784098324623,54.99433628318584,47.16036249787698,32.0,0.781870197808278,-0.6795627927526038,94.77805309734514,48.96735354318966,80.0,0.5154544046045559,-1.0844019829014122,1.7924870783121263,1.0400787307457242,0.5802433631617643,43.58230088495575,3.7985840707964513,-39.7837168141593,72.5553982300885,54.713411276523225,47.0,15,207,192,0.6289464407107789,-1.0584157149011457
24.0,1250.4982238010657,429.0754884547069,2820.0,194.99494936611666,0.9319921340599283,1.003261155991071,0.9839497557571528,0.08056391707832078,0.7833333333333333,61.61168720299745,0.9967536021376742,0.9373054153970463,0.9989265059233506,0.9984609603565291,0.9350285234927818,0.9970642963957794,0.019039752877018902,87.34397163120568,30.97747035076506,78.0,0.9438707545595287,0.21651138105999435,46.67624113475177,21.960291438305852,40.0,1.5505890800186921,2.3768189507708106,100.09078014184396,21.31257378917521,95.0,1.2346208650539792,1.2537218548143532,1.8712726112383653,0.8726475256496016,0.46633906807957487,40.667730496453906,-12.746808510638289,-53.414539007092195,64.91879432624114,24.050717716106224,58.0,30,164,134,1.2579758586350729,1.254967006837279
25.0,832.1902390438247,424.2340637450199,2829.0,196.16652224137047,0.9238320524141314,1.0027014120510556,0.9833159541188738,0.07335536661401679,0.7858333333333334,61.465437442517235,0.9973120297544411,2.1886277623932964,0.9987938566081109,0.9984561497287167,0.9620804651382472,0.9970442073532745,0.018735282798614562,150.42099681866384,81.97948599064617,180.0,-0.41665572246626337,-1.444276014451223,102.07988688582537,63.18583952568409,109.0,-0.033673256855165964,-1.266631165976897,139.79109225874868,53.91942962055695,151.0,-0.29963833267746054,-1.1715707499527566,1.4735615546553242,1.0760413584875064,0.7302316995764356,48.341109932838464,10.629904559915161,-37.7112053729233,120.83563096500531,67.15679823441683,135.0,17,233,216,-0.22311423451650367,-1.3632267835965872
26.0,1040.0389895661724,433.33003844041735,2824.0,196.16652224137044,0.9221992633501264,1.0032590148771583,0.9826026443980515,0.08053759443183395,0.7844444444444445,61.465437442517235,0.9967488321039195,0.5957278760045186,0.9990617368924357,0.9984588266376124,0.9476372550293174,0.9972572737017199,0.017917820312517922,89.90262039660057,33.39098059658492,83.0,0.5209315695617125,-0.8744999454049855,36.02691218130312,17.16745919866702,32.0,0.8430537068272567,-0.016825072421692955,81.9298866855524,19.318580401063954,80.0,0.6795952100839157,-0.19051699758755936,2.4954295262364385,1.0973116652966683,0.4397285732803554,53.87570821529745,7.972733711048164,-45.902974504249286,57.36437677053824,21.993174774262243,53.0,30,131,101,0.6546888417631054,-0.5499567775862948
27.0,737.3305588585018,434.30618311533885,2832.0,196.16652224137047,0.9248117258525345,1.0013713631790024,0.9836748871135811,0.05231725093684924,0.7866666666666666,61.61168720299745,0.9986527450541789,3.0428633875810007,0.9988896302210285,0.998454548406367,0.9317592209963862,0.9971144386887104,0.01871316608159205,109.88064971751412,86.3976682740552,69.0,0.4544654091224866,-1.4896148962035756,81.26694915254237,74.35163293479748,41.0,0.5714458188544304,-1.2896762083040116,117.19562146892656,69.19276690614345,94.5,0.3483839647844223,-1.4900834723291545,1.3520951735388407,0.9375832334022333,0.6934299091883759,28.61370056497175,-7.314971751412443,-35.928672316384194,93.91949152542372,76.9696534871604,56.0,14,238,224,0.502955513447734,-1.40357275953323
28.0,616.9034833091437,441.6161103047896,2823.0,195.58073580374355,0.9274032015465317,1.0024683858567998,0.9836236933797909,0.07013239551812847,0.7841666666666667,61.465437442517235,0.9975407519975229,1.3696522299542453,0.9988720323623294,0.9984593577512616,0.9445823839991463,0.9971177333036002,0.018469356760870297,113.28444916755225,60.985787172871206,110.0,0.33979714767249114,-1.133301700153478,56.85476443499823,38.03908747856652,49.0,0.9077352018349948,0.054061934506024034,103.18561813673396,36.34777473707784,98.0,0.5359182338950251,-0.6928116623425158,1.9925234110655852,1.0978705289852146,0.5509950462244011,56.42968473255402,10.098831030818289,-46.330853701735734,79.00283386468296,44.26591777209458,73.0,25,203,178,0.6209309418413637,-0.6074101059429111
29.0,1495.2779403159743,453.7987126974839,2826.0,195.58073580374355,0.9283887522389298,1.0047184246508964,0.9846689895470383,0.09680122126834562,0.785,61.465437442517235,0.9953241614609785,1.5219660833626356,0.9989157169363799,0.9984577552192156,0.9281750294961447,0.9971560757835123,0.01834914466929155,97.91365888181174,64.59695098613082,74.0,0.5401264954400359,-1.192253935251007,51.90127388535032,37.87260023211808,37.0,0.8553189550387675,-0.3803605159475141,93.53432413305025,36.983437555450934,88.0,0.43807180830499654,-0.9303458368350319,1.8865367177290082,1.0468206168082994,0.5548901364964861,46.01238499646142,4.379334748761494,-41.63305024769993,70.41153573956122,45.446415037387624,54.0,18,195,177,0.6628227517066686,-0.8756892014981523
30.0,1684.885611077664,486.6062612883805,2825.0,195.58073580374355,0.9280602353414638,1.0024126772259254,0.9843205574912892,0.0693393641852613,0.7847222222222222,61.465437442517235,0.9975966956364124,2.016816171055965,0.9989050022291409,0.9984582897622319,0.9345679817903166,0.9971304235499765,0.0186697576417741,104.88566371681416,79.89557802151091,68.0,0.46724056765967176,-1.4398341676342734,62.821592920353986,55.225696477680614,35.0,0.7952942133913216,-0.5319074819019596,101.22371681415929,54.35953274582651,86.0,0.43832873547583034,-1.131504394744943,1.6695798186719426,1.0361767678347,0.6206212822201403,42.06407079646018,3.6619469026548757,-38.4021238938053,79.77911504424779,62.077217595101644,51.0,12,241,229,0.6025533487249395,-1.0800558473124606
31.0,655.2086330935252,492.8489208633093,2830.0,196.16652224137044,0.9241586102269326,1.0005430019527006,0.982297813259285,0.03294115954279165,0.7861111111111111,61.465437442517235,0.9994520264625509,2.42048870995151,0.998750053566925,0.9984556148695102,0.9581879689504899,0.9970067519829492,0.019310658411481524,156.88939929328623,59.61188483364764,150.0,0.09066060701505381,-1.5899002338044315,105.37208480565371,60.45345490657434,91.0,0.5798814897732361,-0.8936397027448573,149.6791519434629,46.22179846888004,143.0,0.4275169818997432,-1.017894166905534,1.4889085622866929,1.0481713535659394,0.7039863831229126,51.51731448763252,7.210247349823334,-44.307067137809184,125.82508833922262,57.717841821815966,115.5,41,246,205,0.38190902783186836,-1.1957451175106688
32.0,1293.3609907120742,495.4699690402477,2833.0,196.16652224137044,0.9251382836653356,1.0014473662914394,0.9826569545612209,0.05374439581576686,0.7869444444444444,61.61168720299745,0.9986042780989074,2.0646942703818856,0.9989152671399393,0.9984540157049965,0.941292288939981,0.9972104221134276,0.01813411801017491,106.120367102012,82.64003391012011,80.0,0.3871384019204549,-1.4828506068984237,68.24496999647018,62.437187613175446,44.0,0.6865830677911947,-0.9408132541232108,106.17613836921991,62.44617903455865,97.0,0.2993665134382504,-1.3844080191793795,1.5549917760582992,0.9994747288028698,0.6427524210674239,37.87539710554182,-0.05577126720791625,-37.93116837274974,83.89516413695729,67.73064388692417,62.0,11,232,221,0.521995836283423,-1.2266078465420656
33.0,96.755873340143,517.2053115423902,2828.0,195.58073580374355,0.9290457860338617,1.003423020034246,0.985022640195054,0.0825290774054596,0.7855555555555556,61.465437442517235,0.996601905183208,1.1482054663778112,0.9989995754295391,0.9984566898936896,0.9391672284965896,0.9972551926949805,0.01787244051985736,83.86987270155586,63.94154009097576,64.0,0.6627517516459583,-0.8728620859837659,47.11280056577086,41.198020340700324,32.0,1.0270465876606754,0.06667414823391349,88.38366336633663,46.19929739345669,82.0,0.4579314059585418,-0.9628706244091063,1.7801928922542616,0.9489295816335798,0.5330487419427533,36.757072135785,-4.513790664780771,-41.27086280056577,62.803748231966054,48.02493046686061,48.0,14,205,191,0.8089281572774188,-0.5070352803763578
34.0,591.2815230961298,535.6785268414482,2831.0,196.16652224137044,0.9244851680397336,1.002643763128791,0.9836692147324531,0.07257156108147123,0.7863888888888889,61.61168720299745,0.9973840982475588,1.6744862111458703,0.9988661167723418,0.998455081630287,0.9401418792125928,0.9970473460464674,0.018930576702995333,110.28717767573296,67.33192380630463,90.0,0.43151929338691347,-1.33133812672952,62.479335923701875,44.06019509315187,47.0,0.6699748695533244,-0.8333621154496242,109.32532673966796,39.89273578986515,101.0,0.3735757991197194,-1.142791931680615,1.7651784553253935,1.0087980613884149,0.5714991922450346,47.80784175203109,0.9618509360650052,-46.84599081596608,82.11091487107029,50.13484879289626,67.0,19,198,179,0.534298028715395,-1.1040169434115388
35.0,993.4192415730336,564.4403089887641,2833.0,196.16652224137044,0.9251382836653356,1.0011040506141837,0.9829979181124219,0.04695156888437514,0.7869444444444444,61.61168720299745,0.9989487877017292,1.745268247533525,0.9988493145256936,0.9984540132752328,0.947072817518962,0.9971049245379303,0.018592560814739985,115.3261560183551,66.95495488540023,110.0,0.279604783220349,-1.153513995494292,69.76809036357218,51.99804713868401,55.0,0.9661522418796082,0.3040929272608861,115.39887045534769,46.93089329679897,110.0,0.3892809172589381,-0.7677752783041831,1.6529928713428672,0.9993698860586278,0.6045820906930602,45.55806565478292,-0.07271443699258384,-45.630780091775506,88.58418637486763,55.274299700628006,78.0,19,242,223,0.640681585393835,-0.480206564729567
36.0,1593.460339943343,561.7828139754486,2831.0,196.16652224137044,0.9244851680397336,1.0023883854913114,0.9836692147324531,0.06899066720728494,0.7863888888888889,61.61168720299745,0.9976285768635326,0.8003317490463819,0.9987404822893725,0.9984550808253002,0.9514251549609105,0.9970215994380417,0.01944985317164867,92.81631932179442,28.482449100515428,92.0,0.33747183801038355,-0.23302019257512985,52.399505475097136,20.981423208503998,49.0,0.7874395941618381,0.5855063312407203,102.60579300600494,21.550430983852554,101.0,0.29559292340755633,-0.2665311469366345,1.7713205206817886,0.9045914134328843,0.5106875931652263,40.41681384669729,-9.78947368421052,-50.20628753090781,70.20664076298128,22.88879413404102,68.0,27,152,125,0.5734754720904235,0.10963571197766342
37.0,1565.3536585365853,557.5975609756098,2833.0,196.16652224137044,0.9251382836653356,1.0016448048436914,0.98333911836168,0.05728447696580819,0.7869444444444444,61.61168720299745,0.9984002862243478,1.2829421779795158,0.9988029474548542,0.9984540116977203,0.9724220607101737,0.9970174206220069,0.01922618272131968,148.7970349452877,59.64348811253398,155.0,-0.030940324830109247,-1.3221170083468896,90.22590893046241,50.49501315063824,79.0,0.652096197877063,-0.6849093079607593,134.33109777620896,41.94498030996845,128.0,0.44284737195377377,-0.7615086375474682,1.6491608309515777,1.107688669328585,0.6716680681096535,58.57112601482528,14.465937169078728,-44.105188845746554,112.76773738086834,51.64219937716959,107.0,27,219,192,0.383396267223826,-1.0145715654129617
38.0,69.99837662337663,570.8847402597403,2823.0,196.16652224137044,0.9218727055373253,1.005041298070541,0.9832810867293625,0.10003430093873057,0.7841666666666667,61.465437442517235,0.9949750424353949,2.333515738307289,0.9987633846160392,0.9984593558008686,0.9565957771882218,0.9970154344574021,0.018915996436277335,161.9298618490967,44.9505498859579,170.0,-0.2618973960958063,-1.2654255898126547,103.40099185263904,46.96610605196381,99.0,0.41470547085848186,-0.8327762888348542,148.71661353170387,37.268873480539405,144.0,0.3369886868948614,-0.9788291306266648,1.566037800485637,1.0888485018821863,0.6952887737087032,58.52886999645767,13.21324831739284,-45.31562167906483,126.07297201558626,44.141172777476356,126.0,55,227,172,0.15393018413810475,-1.0993179713264052
39.0,952.3549222797928,602.506908462867,2834.0,196.16652224137044,0.9254648414781367,1.0008846008188679,0.9826629680998613,0.04203399633293986,0.7872222222222223,61.61168720299745,0.9991603619982259,2.073661327402322,0.9988204840032532,0.9984534780467096,0.9581418223663903,0.9970516039963118,0.018907439735919084,142.3390966831334,80.59595229159788,160.0,-0.1389534428603259,-1.6212575053006844,90.20748059280169,59.32725051771176,93.0,0.15691968911794832,-1.3612342159670148,131.59139026111504,51.87723290182881,140.0,-0.11087014746951045,-1.35094617096605,1.5779079046171018,1.0816748451443796,0.6855120263851279,52.131616090331704,10.747706422018354,-41.38390966831335,110.50882145377558,64.5136910282304,118.0,21,233,212,0.007299015400353754,-1.4999537656643713
40.0,1472.312133072407,636.0737116764514,2826.0,196.16652224137044,0.9228523789757285,1.0020588302949187,0.9829565217391304,0.06407011051500926,0.785,61.465437442517235,0.9979415495751184,0.8901679800181053,0.9990209478749282,0.9984577569829167,0.9393143350063229,0.9972763707521605,0.018100710766015486,74.93878273177636,61.81944238648098,46.0,1.2484830004514849,0.1629203696891781,39.5,35.272714193777254,22.0,1.2307686602778265,0.1587618477869146,78.2176220806794,39.67952459102075,64.0,0.7147610180914548,-0.8022785427363606,1.8971843729515603,0.958080554461029,0.5050012893412471,35.43878273177636,-3.2788393489030483,-38.717622080679405,54.51273885350319,43.46694264742337,34.0,12,170,158,1.1926591614882465,0.047184547391032616
41.0,1781.75,623.60546875,1876.0,170.91168824543144,0.807047636248098,1.5581424096999035,0.9852941176470589,0.7668805479095421,0.8228070175438597,61.39218191268331,0.6165797192804041,0.9951188856481132,0.999256454078035,0.998996416857198,0.9771186544453266,0.9980145322106817,0.013275184455237494,180.18710021321962,44.06674603957739,193.0,-0.7754260392531231,-0.5059783870108832,119.4051172707889,44.060569081671495,116.0,0.27532120679293975,-0.6404807240705046,160.82036247334756,34.016367424330866,159.0,0.0631094838181732,-0.6579774358788759,1.5090400171412874,1.120424661665401,0.7424751159263395,60.781982942430716,19.366737739872065,-41.41524520255865,142.31076759061833,42.124522372664245,143.5,51,222,171,-0.10163074589715339,-0.733533736709389
42.0,9.31728045325779,650.1628895184136,1990.0,173.7401153701776,0.8284431842978707,1.4810312057577815,0.9871031746031746,0.7376299288243081,0.8291666666666667,61.18823416311342,0.65172201694307,0.8875660371913766,0.9992949727757843,0.9989349629137755,0.9737063831116042,0.9979931819193135,0.013531965001110573,146.2281407035176,80.94943028445097,178.0,-0.3547681752271132,-1.500719793893244,85.73618090452261,60.72580476460548,85.0,0.26793095745089285,-1.2065252292909725,125.51356783919599,56.51405807971463,132.0,-0.06117802332754224,-1.3310576791766557,1.7055593001767757,1.1650385151248666,0.683082971669619,60.49195979899498,20.71457286432161,-39.77738693467337,108.37236180904523,65.49939230183205,119.0,18,225,207,-0.020367056808448098,-1.3831060084282225
43.0,977.0515050167224,726.8220735785953,2828.0,196.16652224137044,0.9235054946013304,1.0027624425760726,0.9836521739130435,0.0741759793785165,0.7855555555555556,61.465437442517235,0.9972353513423214,1.8592449930369042,0.9989051173084268,0.9984566860034753,0.9466236491239601,0.9970984433797595,0.018848143129632018,112.10855728429986,83.38454415538054,98.0,0.1806831004945887,-1.6552574991516995,69.52475247524752,55.5303135588899,59.0,0.35818059891160586,-1.3238661833311163,107.3412305516266,57.23761149728659,109.0,0.05244812538139041,-1.4929058566348556,1.6124984741808601,1.0444128198276612,0.6476984856414916,42.58380480905234,4.7673267326732685,-37.81647807637907,86.57673267326733,63.56297022821258,77.0,11,210,199,0.2419488896188147,-1.5178076393998803
44.0,152.3875305623472,736.5672371638142,2835.0,196.16652224137044,0.9257913992909377,1.000680061352978,0.9830097087378641,0.03686104329267287,0.7875,61.61168720299745,0.9993725422552346,1.8907964221549367,0.998855085751781,0.9984529449960445,0.9310007725757454,0.9970792995409434,0.018852420376096184,103.66384479717813,63.709677275242846,87.0,0.40484182611890146,-1.3056771770763138,61.60176366843034,48.541737858772535,46.0,0.6729671559043114,-0.8263223322132798,104.8458553791887,50.94002296438667,90.0,0.48089589199136457,-1.2007348275185346,1.6828064429287677,0.988726205935041,0.5875460069029984,42.06208112874779,-1.1820105820105766,-43.24409171075837,79.10229276895943,52.8799123204487,63.0,17,217,200,0.5340820064716342,-1.0963074203797938
45.0,1123.8274695534506,737.6224627875507,2824.0,195.58073580374355,0.9277317184439977,1.0030668951259416,0.9853454291695743,0.07813889979379358,0.7844444444444445,61.465437442517235,0.9969515756285495,1.9635193614685877,0.9988389278748229,0.9984588238494146,0.9457282241461065,0.9971666873896101,0.018391048889112773,116.91643059490085,80.86003776509546,100.0,0.20125442197655796,-1.6396119365076525,70.73335694050992,56.84956110967506,59.0,0.38561099098806756,-1.327559413094088,111.09525495750708,57.03449758840368,106.5,0.1754218879568157,-1.5164803173135417,1.6529178827617041,1.052398058220534,0.636691071706898,46.183073654390924,5.821175637393765,-40.36189801699716,89.13385269121812,63.67173973119914,77.0,15,211,196,0.2786657234075219,-1.5015262303635155
46.0,65.01904761904763,735.5032967032967,2824.0,194.99494936611663,0.9333141087181696,1.0036532519080057,0.9853454291695743,0.08524470194459591,0.7844444444444445,61.61168720299745,0.9963551702953378,1.714115473036305,0.9987729985552035,0.9984588214124407,0.9596075589940936,0.9970195990056411,0.019038098331078574,135.14270538243625,69.15872834281551,119.5,0.18321522831454895,-1.5807930255765146,82.18342776203966,56.52810534768927,64.0,0.6894577566364498,-0.7170302986595756,127.75531161473087,48.7690034157594,116.0,0.5034457014506034,-0.9836095301987835,1.6444033677151384,1.0578245528442496,0.6432877562837798,52.95927762039659,7.387393767705376,-45.571883852691215,103.21848441926346,58.49860835586351,89.5,27,237,210,0.46165785758799976,-1.1329995083625253
47.0,1604.5227642276425,742.670731707317,2833.0,196.16652224137044,0.9251382836653356,1.0008312703995568,0.9826569545612209,0.04074886578743967,0.7869444444444444,61.61168720299745,0.9992052258998957,2.135329884026775,0.9987730717794547,0.998454011953274,0.9523304133273979,0.9970090820014945,0.018904467205039126,137.319449346982,73.97385056705205,142.0,-0.011454606222660773,-1.5738484092365055,85.55171196611366,57.14932562826931,77.0,0.5058782971778596,-0.8707666183111833,126.87539710554182,47.55063444665009,124.0,0.23588275273321835,-1.0956978395727615,1.6051046342732758,1.0823173954887724,0.6742970971344403,51.76773738086834,10.444052241440176,-41.323685139428164,105.73914578185669,60.25177855614336,105.0,22,232,210,0.2604673595884399,-1.238485507449084
48.0,1720.7441314553992,762.7828638497652,2826.0,195.58073580374355,0.9283887522389298,1.0047262291824441,0.9850121993726036,0.09688068146461454,0.785,61.465437442517235,0.9953191331567114,1.844990685589758,0.9989451505608465,0.9984577548093586,0.9443247722616838,0.9970889096936973,0.01875622071257721,100.97841472045293,76.34254777847373,75.0,0.4953809677259972,-1.2740824170892862,70.19674451521585,59.184713942793394,50.0,0.8055568810720901,-0.5284195720891676,105.80927105449399,56.15661611330736,100.0,0.31843883577389276,-1.090830252775738,1.4385056660059354,0.9543437329641133,0.6634271630034831,30.781670205237077,-4.830856334041059,-35.612526539278136,83.45329087048832,63.38547505637829,63.0,13,230,217,0.6278914870211244,-0.9126029130462765
49.0,633.4803671596125,773.329423763386,2833.0,196.16652224137044,0.9251382836653356,1.0008312703995565,0.9826569545612209,0.040748865787438304,0.7869444444444444,61.61168720299745,0.9992052258998965,1.7165554958226763,0.9989397159598168,0.9984540148980067,0.9367697464295127,0.9971677677787977,0.018370766306981125,94.76420755382986,64.09019106790882,62.0,0.9837054841941169,-0.3599005854400663,60.694669961171904,54.8737950980544,33.0,1.3358120640311972,0.7911635410729647,106.08189198729262,48.153299005403134,91.0,0.8507526702774227,-0.34421165649959473,1.5613266801565453,0.8933118157912585,0.572149203074029,34.06953759265796,-11.317684433462759,-45.38722202612072,76.06247793858101,56.47345349825322,48.0,23,244,221,1.1629024858130985,0.22070859695883893
50.0,978.5607569721116,796.8286852589641,2827.0,196.16652224137044,0.9231789367885295,1.0031347641608288,0.983304347826087,0.07899475184934432,0.7852777777777777,61.61168720299745,0.9968828653780777,2.3107870810252162,0.998849342128352,0.9984572186884055,0.9588915942455497,0.9970622197711003,0.018912763542440737,148.15351963211884,81.72525814184677,176.0,-0.3779472435398988,-1.4673698687435515,98.94941634241245,65.55486491173924,96.0,0.16406221749806169,-1.2126820033711365,136.16802263883977,57.85584952367053,139.0,-0.10149513764814572,-1.2737885065759498,1.4972652200320906,1.088019909233459,0.7266714638633229,49.204103289706396,11.985496993279071,-37.218606296427325,117.91050583657588,68.72051731850058,123.0,17,238,221,-0.07890602236035996,-1.3637470597034154
51.0,1159.3777637397347,881.3108022741629,2834.0,196.16652224137044,0.9254648414781367,1.000507331818941,0.9840277777777777,0.03184167085984704,0.7872222222222223,61.61168720299745,0.9995222247297969,1.9327866171750672,0.9988819410067891,0.9984534786087997,0.9511819706459095,0.9970921927164665,0.018536117084167334,119.90190543401553,66.16220825812589,103.0,0.43859125502476876,-1.2420188331481454,82.2060691601976,56.917122254999505,65.0,0.8485392170757899,-0.2012506539599368,127.75935074100212,45.22267449363841,123.0,0.42831733077434725,-0.8254512664941185,1.4585529591521156,0.9384980804809402,0.6434446377767217,37.69583627381793,-7.857445306986591,-45.55328158080452,98.67148906139732,57.87826746589754,83.0,30,246,216,0.6475187259231334,-0.7136266424269402
52.0,557.5917159763313,879.3550295857988,2834.0,196.16652224137044,0.9254648414781367,1.0003368841054292,0.9833448993754337,0.025950489225167517,0.7872222222222223,61.61168720299745,0.9997107303710101,1.2565240950914183,0.998924013200066,0.9984534780313363,0.9772138272294074,0.9970206186398843,0.019094794520850257,188.17501764290756,34.53511805988819,195.5,-1.215754226180578,0.9925875334068595,101.25405786873677,26.868633337447555,102.0,-0.12681952241576033,-0.5917977869162554,144.3909668313338,20.55693171019556,145.0,-0.01508649118073827,-0.6304680315882338,1.8584442105685,1.3032326174710676,0.7012492546500065,86.9209597741708,43.78405081157376,-43.13690896259703,132.16266760762173,27.665139054861104,135.0,59,186,127,-0.5089999815190709,-0.15970114035227567
53.0,1535.3333333333333,914.6753086419752,2832.0,196.16652224137047,0.9248117258525345,1.0018654274770649,0.9833333333333333,0.06099542114050374,0.7866666666666666,61.61168720299745,0.998162581329061,2.1400581629610307,0.998823008865541,0.9984545463370538,0.9601294388044115,0.9970301886301248,0.01923956198724849,153.10628531073445,60.209477218587004,131.0,0.3308218302224264,-1.3765193407795737,96.45621468926554,65.8175137539004,64.0,0.8864138341370338,-0.741192331381026,137.5293079096045,50.25665613308553,115.0,0.7595126770210238,-0.9271854882659349,1.5873138480896107,1.113262966547153,0.701350251486718,56.65007062146891,15.576977401129938,-41.073093220338976,118.08121468926554,61.735955082406875,90.0,38,240,202,0.7147214276948535,-0.990293361701089
54.0,318.3018867924528,899.3018867924528,2830.0,196.16652224137044,0.9241586102269326,1.002027384104301,0.9833217512161223,0.06358042621697474,0.7861111111111111,61.465437442517235,0.9979956590965668,1.7051462784575808,0.9988823641340284,0.998455615975955,0.9640000053641954,0.9970643308092995,0.018954632323806897,162.9590106007067,49.62749311137247,151.0,0.32019104092622264,-1.4550998126907924,87.85583038869258,50.65088426981298,67.0,0.9521285708128523,-0.34271860949586985,132.2904593639576,40.85562463668003,118.0,0.7505164541312556,-0.6471268113707689,1.8548457157545089,1.2318273848626573,0.6641131250963243,75.10318021201412,30.668551236749096,-44.43462897526503,115.37703180212014,48.66232065223023,99.0,57,227,170,0.7191566227260925,-0.8219214641716874
55.0,423.3218116805721,911.9046483909416,2824.0,196.16652224137047,0.9221992633501261,1.0018964189035517,0.982944657152802,0.06149858380292613,0.7844444444444445,61.465437442517235,0.998108212887533,2.3979823587314444,0.998788299289609,0.9984588214740768,0.9637798965795463,0.9970410494996221,0.018743662176326593,160.06940509915015,76.66866184983532,195.0,-0.6926168952796997,-1.1130659360087307,113.10269121813032,69.084975130569,113.0,0.012269934400503828,-1.0908603429240726,147.93661473087818,62.80016773300446,157.0,-0.37649701389036927,-1.0692731627717937,1.4152572620071269,1.0820134379189046,0.7645348071794591,46.96671388101983,12.13279036827197,-34.83392351274786,131.1306657223796,69.03622951725478,143.0,15,244,229,-0.3129116981104669,-1.1312287361344326
56.0,895.0436781609195,920.8477011494252,2828.0,196.16652224137044,0.9235054946013304,1.0033409755459433,0.9836521739130435,0.0815390292317863,0.7855555555555556,61.465437442517235,0.996654647030219,3.3380388116458453,0.9988537714478322,0.9984566851557309,0.9299005755711502,0.9970654185882574,0.018965984067369452,110.60855728429986,79.445269234346,71.5,0.5703926315554011,-1.3089035130656759,87.9087694483734,78.65891144844159,44.0,0.6590008553048394,-1.1651581725346758,124.5912305516266,67.71821937769168,91.0,0.5389404267645836,-1.3259343809816246,1.2582198337917998,0.8877716095626687,0.7055775038025351,22.699787835926458,-13.982673267326732,-36.68246110325319,98.88472418670439,77.40327819464453,57.0,19,249,230,0.6185348185815344,-1.2346265769487421
57.0,1757.1068702290077,954.7879558948262,2828.0,196.16652224137044,0.9235054946013304,1.001366174184834,0.9833101529902643,0.05221838044264822,0.7855555555555556,61.465437442517235,0.9986291009396855,2.462717242720813,0.9988479083610015,0.998456684598648,0.9575154677920988,0.9970568231080521,0.019109083797558907,140.83097595473834,86.70788398500933,169.5,-0.20447694420599255,-1.6785975644897455,100.85643564356435,70.51581952798051,113.0,0.03519401803851747,-1.4837306015020857,136.251414427157,65.95569921516416,161.0,-0.25278728049806887,-1.535801034231863,1.396350912621064,1.033611111831256,0.7402230359774388,39.97454031117398,4.5795615275813475,-35.394978783592634,116.83946251768035,74.48319137718869,135.0,15,232,217,-0.09333819931548847,-1.5880650811053754
58.0,515.0171557562077,974.344920993228,2825.0,196.16652224137044,0.9225258211629274,1.0035275910001145,0.9822670375521557,0.083773654106657,0.7847222222222222,61.465437442517235,0.9964809536022505,1.5002773481879386,0.9990381389379023,0.9984582930242121,0.9036835238425922,0.9972593720935025,0.018074606335601623,68.97203539823009,53.38943845307824,39.0,1.1548662841047048,0.17714781876813568,42.663716814159294,43.66067277593463,22.0,1.7591238929157178,2.547446584331208,84.97026548672567,45.191413948003245,71.0,1.1002863766463082,0.42023364354340087,1.6166438498198987,0.8117196645563495,0.5021017242881765,26.308318584070797,-15.998230088495575,-42.30654867256637,55.35504424778761,45.81957262587148,33.0,13,221,208,1.451234106176227,1.389639578886853
59.0,1648.5806094182826,992.1036011080332,2825.0,195.58073580374358,0.9280602353414636,1.0030325123450845,0.9836350974930362,0.07770165651396264,0.7847222222222222,61.61168720299745,0.9969773773862646,1.9939731544054542,0.9988529992248497,0.9984582894403956,0.9262463091484736,0.9971038692173672,0.018588947240682146,96.1553982300885,71.34530956217674,66.0,0.6294116180221951,-1.117597214982259,61.85840707964602,49.44684233529611,43.0,0.6529620931775142,-1.003420167154077,102.75256637168141,46.98837379793856,98.0,0.2469219181348608,-1.2894272422075825,1.5544434906984883,0.9357955876467074,0.602013256348544,34.29699115044247,-6.597168141592917,-40.89415929203539,76.77769911504424,55.39252815350552,56.0,17,196,179,0.6063747891827562,-1.0949909969674347
60.0,817.417445482866,994.1079958463137,2825.0,195.58073580374358,0.9280602353414636,1.0030325123450845,0.9836350974930362,0.07770165651396194,0.7847222222222222,61.61168720299745,0.9969773773862646,2.398591562843679,0.9987910146354633,0.9984582868482581,0.955926405693075,0.9970143336800252,0.019004789395260506,149.7129203539823,58.04457298088668,154.0,-0.07117087849632232,-1.4371317188531423,102.3553982300885,59.46873107174804,95.0,0.4343307376662072,-0.9213630788584051,145.54194690265487,49.331414103474756,145.0,0.19963069056410848,-1.217616059951009,1.4626773276509637,1.0286582221826008,0.703270778001054,47.3575221238938,4.170973451327427,-43.186548672566374,121.44070796460177,57.43916926514926,119.0,38,242,204,0.23867352342994436,-1.1752053819374972
61.0,1251.7786259541986,1013.9935408103348,2823.0,196.16652224137044,0.9218727055373253,1.0044973269488688,0.9825965889314305,0.09452162644100578,0.7841666666666667,61.465437442517235,0.9955206215250445,1.2093214641846763,0.9989710195499697,0.9984593598949995,0.9325741338427319,0.9972167129552084,0.018315471760465322,92.59865391427559,70.51850945180702,59.0,0.49157812651683475,-1.4007936966801746,42.87637265320581,34.58072257906078,26.0,0.6149216608261339,-1.1052139378736288,83.13921360255048,37.61580437256635,75.0,0.27389922262477606,-1.3939543666680714,2.1596662260359407,1.1137783231488676,0.5157178038527768,49.722281261069774,9.459440311725103,-40.26284094934467,62.333333333333336,45.44151622535425,42.0,13,155,142,0.5221862762621898,-1.3014150134375218
62.0,968.6381733021076,1019.8466042154566,2734.0,192.2670273047588,0.929391617357478,1.0582858542888964,0.9870036101083033,0.32728902074280564,0.8136904761904762,61.465437442517235,0.9423011634923547,1.105180693146026,0.9988423969920109,0.998509053904619,0.9659870011814984,0.9971261303565252,0.01865064271528874,127.48536942209218,54.46563890251887,111.0,0.64494837508137,-0.8607419421115101,73.30797366495976,43.842074962367946,56.0,0.8984906895682951,-0.5433918738972641,121.42611558156547,36.28477231607041,109.0,0.7889347065269096,-0.5803091153248956,1.739038238931089,1.0499007467331156,0.6037249344080045,54.177395757132416,6.059253840526708,-48.11814191660571,94.99926847110461,45.915685580715106,78.0,30,206,176,0.7999491809622121,-0.6971130583922611
63.0,1359.3624288425046,1035.6954459203037,1995.0,174.3259018078045,0.8249524619585125,1.482671354263608,0.9851851851851852,0.7383129434875413,0.83125,61.61168720299745,0.6507901091522699,0.9276233451290927,0.9991658319851249,0.998912517712423,0.9662547416823783,0.9978940165775524,0.013965015584821926,132.62456140350878,69.34602422587363,110.0,0.3372337951294695,-1.3938607511672525,77.49423558897243,52.23883211564605,57.0,0.7156132888659773,-0.8432940010686534,121.39248120300752,41.28526403178813,110.0,0.6264929877654197,-0.8820474596261847,1.7114119572296336,1.0925269842833867,0.6383775570030005,55.13032581453635,11.232080200501258,-43.89824561403509,98.97794486215538,55.73186356410296,79.0,28,211,183,0.556626666235349,-1.1071375227993898
