nucleus_id,x,y,area_px,equivalent_diameter_px,solidity,eccentricity,pca_feat_0,pca_feat_1,pca_feat_2,pca_feat_3,pca_feat_4,pca_feat_5,pca_feat_6,pca_feat_7,pca_feat_8,pca_feat_9,pca_feat_10,pca_feat_11,pca_feat_12,pca_feat_13,pca_feat_14,pca_feat_15,pca_feat_16,pca_feat_17,pca_feat_18,pca_feat_19,pca_feat_20,pca_feat_21,pca_feat_22,pca_feat_23,pca_feat_24,pca_feat_25,pca_feat_26,pca_feat_27,pca_feat_28,pca_feat_29,pca_feat_30,pca_feat_31
1,515.1826524570752,28.75814091178212,3378,65.58203398885536,0.9092866756393,0.7763775419094118,-177.00859990937056,-68.64792428310152,8.325299534272732,-26.24049299821511,-9.251040019844378,-4.063414227005703,-2.9420224503102648,-2.148452422092287,-4.740090492778438,3.889387093589068,-0.24415245172005212,0.5640977384330518,-0.8232051417114531,-0.9426224259235244,-3.8002062764518096,-1.4263326075496185,-0.15219713662508888,-0.6586137590653343,-0.17309914266461265,-0.13900137534193824,-1.123388304766257,1.1703468958367442,0.4822777161233417,-0.05394395955599994,0.22810556801744777,0.39831783029702833,1.268670260201603,0.5942848917824598,0.57079187561757,0.3236013981302744,-0.7986184045499395,0.4840131108853111
2,641.7328767123288,2.198630136986301,146,13.63425735166143,0.935897435897436,0.9707431057592332,177.05465036671208,-46.12887932050082,-0.41267569548437444,5.217288725438028,1.0913026031070272,7.35070989246602,-27.92394585926442,-3.885502413346145,0.31656912268969467,1.676571109658773,0.6598051694571883,-2.035082822731111,0.8988667509678678,-1.1729225278840851,0.07528053747827668,0.2100656927635419,-0.7990004765992192,0.8620101842213179,1.0097287145229081,0.2291793555274718,0.46965800822253523,-0.5126892830208605,0.013531470576980743,0.3962532567355356,0.33133429545884496,0.2416091025361589,-0.0702601424731402,0.05451189853986277,-0.1981710721320361,-0.41463602683441164,-0.16679406414741155,0.9877597990604814
3,1131.3302752293578,2.9908256880733943,218,16.66031874701878,0.9008264462809916,0.96095703952664,155.8433004671155,-32.42708063840925,-8.749349264456203,10.365224330336599,6.825624497848945,1.8126493393802503,-5.935568933286195,5.36904338422653,1.165072917306642,5.7171598698250445,0.13701609965298148,-0.44411638947806575,-0.03447513893569946,-3.3772171112687466,-0.7379888924735931,-1.565457266410859,0.5184657210426774,0.9863227271222705,0.8897118931674487,-0.3129560484004078,0.7073736362826281,-1.0377390016305337,0.2574056253751704,0.27800787887562217,-0.25612062574184885,-0.00047978173437313254,-0.0988875368680585,-0.11818449315385715,-0.3133708716449125,0.5629131813142374,-0.10721194956472914,-0.32539756738951947
4,1668.3619489559164,7.6287703016241295,431,23.42576026046658,0.9663677130044844,0.7884066444888156,144.09586019680356,-25.860361644712196,-5.001029817709014,-12.583670257573399,-11.54624598495276,-5.228599863307905,0.7899001582574771,-0.1598512011973122,-2.3716331605341177,0.9171367219448077,-1.8917606128573685,-3.1308867617081155,-0.37572763439692514,-0.8073741441491947,-0.7883840257946387,-0.09966334600743473,0.48983614862900016,-0.22725333488959634,0.7327469191983197,-0.5090358398763235,-0.30911416798925384,0.16652808268733527,-0.6637139335640636,0.9554254326597809,0.3893837604848686,-0.08103528412103493,-0.22899496595848298,-0.44836548622355976,-0.021502905715113277,0.22365050414204585,0.1565511404339709,-0.3827931675296944
5,1555.4291799787009,47.64643237486688,939,34.57704343211429,0.9750778816199376,0.3788121094556041,117.07455588669004,5.904527687840735,23.25591524331932,-4.849218649231152,13.988938926605178,-0.9299467059606115,4.563679048026342,-0.8743978666717345,-1.3217757010016344,-2.274986236230261,-0.4036543950153193,-0.9754734740519844,-0.6013935508908009,0.20282571187178186,-1.3549993100572897,1.02200988722462,-1.6652241174554445,-0.5480356966699729,0.11068787351749458,-0.15630153000316183,-0.5158456767539826,-1.144353809620484,0.131118269204248,-0.4024675063515564,-0.05711802202759109,0.1263280904610057,-0.8992905574983352,-0.8555006628267476,0.48320694607019826,0.09634771742004608,0.6238128678233704,0.5476996903083884
6,1502.362505757715,86.52141870105942,2171,52.57568878883127,0.9455574912891986,0.7135238033068192,-77.22814587880492,6.654180746381759,-21.426364747919482,2.0778730091983437,16.54099589369413,3.645353230944793,3.435317779824959,3.0607034815104366,-1.007135036070839,-0.7531987171450505,1.4312774554580943,-0.7894924789230277,1.1847452336009288,-0.659532398630536,0.6696317953997292,0.23433282975242675,0.5757721235381745,-0.5981747799274917,2.6137402000690035,1.1423938346399216,-0.40387816662024606,-0.4832629545345842,-0.11629384950570247,-1.0076311891318595,0.5312633359284786,0.22833895781586558,-0.7815879947274678,-0.2811723109701853,0.09123450250375047,-1.1367311998238347,-0.8459307614980371,0.5540181448502522
7,774.1032656663724,176.51597528684908,5665,84.92880560166083,0.8876527734252585,0.8789748772092233,-111.40614804841121,-34.96157156602598,-14.295377764881705,-9.47780816157304,16.31088479303383,1.1730988024837659,1.8066759708332718,-1.2489949571373002,1.81744818621747,-1.440764376480195,-2.0455680087175816,-2.0844228470902206,-8.920122079781162,-4.176156131024298,3.387227347245438,0.9091852412985751,-2.8395401161739238,0.1067833505755845,-0.2822038183470467,1.3929381393993463,-0.15257253808457344,0.38756308162607533,-0.7765194561879835,0.17723328387005682,0.4626543345501304,0.6777635758521805,0.10945816972234208,0.9240708606386387,-0.42847564525283127,-0.10309973702068088,0.03461982636404663,-0.45526376783908307
8,1636.9858974358974,163.88846153846154,1560,44.56740613707347,0.982367758186398,0.2197678266712632,-40.697964417013736,33.39615213371823,18.56334027839346,3.593987228285908,-23.152858420188895,1.4592931822589037,-0.15217126401372283,2.1377028511828375,3.975205622796654,0.7797459479689366,1.4285985976993425,-2.3652655239763796,0.15244184540366984,0.2083222365504985,1.080122216932966,0.5445517146334269,0.046095231519171276,-0.4735799058440668,-1.0587145868363712,0.4353232282090983,-0.17887666006644273,1.0993074285684872,1.0650411830885407,0.8199085488963135,-0.6812696612142224,-0.39687872853298084,0.2364421488872184,-0.3932852887308208,-0.6654614286536208,-0.4720802135839122,-0.05941958258604697,-0.5041078726371782
9,627.303893637227,161.81196581196582,1053,36.61586050615398,0.975,0.339843425504079,51.35854116125336,-16.06714125189662,24.663025383254585,13.22717553155578,30.953427620834272,3.4727920663643688,7.705497255354365,-0.566662227366201,-0.9829299836738729,-0.26628277570244624,2.937978093429595,-2.0534962180270275,-0.2343922969824657,-1.531583453676704,-1.118700977561953,-0.048099199469175534,1.284512335780109,-1.2386439291799807,0.8057872987805684,-0.5018395434924654,-0.5829728563042328,0.6417821274510973,0.810595457809035,0.4059759182460556,0.13897162861326165,-1.3981112222988363,0.6338219208182475,0.6452020921670276,0.13407421853952595,0.5256524884041731,-0.6616568574655263,0.020221274580533785
10,321.78551532033424,207.64206128133705,1436,42.75946662716566,0.8941469489414695,0.5202065429516937,-15.785701318977411,35.11346083650656,-16.92166082784664,22.117516790226322,8.739292007045405,-3.2207718819798803,4.096777999002895,-5.100179699157489,-0.2837594464996606,0.29162974695226285,0.5339194199057161,-0.47229962930961134,2.700130628161785,-0.6194763170248162,-1.7265423925530559,-0.027496556251197454,-0.3234504167136646,0.5027292224071084,-0.3392039468905521,0.5348900001596479,0.9652955411218606,-1.0524837100516602,-0.9805170529876007,1.8624391873497503,-0.0767200296479789,-0.20218963903133563,-0.2858649488062063,0.37857787759385,-2.0679602611138836,-0.6732276160249089,0.6932240210891436,-0.1686635130653699
11,146.69962453066333,201.2177722152691,799,31.895429080722444,0.9720194647201946,0.5295619673628684,181.71243105065753,6.065958681924565,18.406477371036164,-41.426477250453544,-2.5833088917180738,0.6815795322705467,-2.5061251582143838,2.0587267658693738,2.7101781315726754,0.15334569157533484,1.6731649839634504,2.6771296061575716,0.04835922273880785,1.4437180984392592,2.1422610036543883,-2.8680729448752804,-0.42274551446646036,1.5867245973563682,-0.591661014496415,1.7433818727023893,-0.38222631224314435,1.4251417145166645,0.6715427608102699,-0.3562065647807319,-0.46558729962283213,-0.06105676622652519,-0.4095118021387023,-0.19947787825443025,-0.9210284457480357,0.49210270455584226,-0.0029383132698204005,-0.014108967355125266
12,1575.9245283018868,231.27882599580715,477,24.64417299969047,0.9616935483870968,0.390697690779388,159.12632077154976,-60.56326113440373,-21.874178349799383,-28.810683248960217,-20.483963658529387,-0.6812503573321597,3.455557893622333,9.142902274038967,-1.9267327688603515,-5.150923468721942,-0.08036296598127272,-2.1030303289128347,0.10778475455146523,0.319296223093501,-0.17997970626117124,-0.6892053977874948,0.2567094157031636,-0.9277758528986652,-0.4922127336632738,-0.21380955871184656,0.9909568735714372,-0.02989734082524809,-0.4054598553984481,1.0767091652495466,-0.3537528005740493,-0.5764536104462802,0.2992696416371607,0.14061224567421918,-0.28900039198283267,-0.10057682534918583,-0.10343979359279935,-0.42945471658167766
13,795.2236503856041,242.3239074550129,1556,44.51023176313412,0.9743268628678772,0.4046681611085764,-22.190847012651613,15.106260660477663,-13.004069098331303,15.34773361815728,-4.046690576879698,7.585111007526606,-0.9264166984872134,-5.480737376048651,2.3689095311572914,-1.6517666928400339,3.3628060749381907,-1.118452928909365,1.8544223938737008,-1.4604900563447845,-0.06895706446571878,-1.0228307356625936,-0.46494673835854344,-0.26729377745236954,0.051139445117973144,-0.32724287301036753,-1.1850013315552805,1.8377494455981178,-1.3203130640407506,-0.10449317189667649,-0.5334541247978274,1.431525668396714,0.6101094291806821,-1.5709579206466604,-0.3349646301533825,0.1412407677332838,-0.06859122959347294,-0.19640377748152033
14,1643.6959114139693,247.4118398637138,2348,54.67692795904102,0.9738697635835752,0.2969431352218984,-123.65282601480348,-15.469886993416543,-17.23395679025788,-11.29583258941083,13.85295479554884,-4.452607033329824,2.1129125019119828,-0.3942098133649412,-0.3374042339348178,-1.9648255464204014,2.816029687943993,-0.23318264468084493,3.641227454073065,-1.2365859605989318,2.3448384188254034,-0.39276483003688334,-0.6655827777615064,2.376120437171018,-3.3080299342138235,-1.548855227620092,-0.43667051700246107,-1.0363725490052473,0.5314058231338348,0.6300673140332176,2.3816412443945376,0.005159331982509427,-0.8170106844263726,-0.07568504306998743,0.3183488533535211,0.37964612525580693,-1.4502079298690629,0.3495673871304929
15,1163.3648170011809,252.0236127508855,847,32.839517267930155,0.9657924743443558,0.5902210105642205,-32.06868004242566,-111.09747343691997,58.60856223102896,42.950377499200634,8.257008559550808,-7.223955783367667,-6.5831162863451045,1.327113710501117,-0.20543100411884424,-5.278753768107523,-0.8341239831140402,4.905718408328115,0.7685466408357352,-0.05967700756022102,-0.4262851834319677,1.127764691815819,-1.052146117486424,1.0113177284991806,-0.043949730914161086,-0.5028523127379934,-0.15035785907369092,1.0010585326002686,-0.30289315323977334,0.13204558620222343,-0.5590332197265546,0.7674654377560851,-0.5555056741591423,0.26378880764529805,-0.3920740483102732,-0.2654039673803468,-0.09192891752781945,-0.6410937930843773
16,367.3632958801498,283.85393258426967,267,18.437867513470437,0.8369905956112853,0.8592388226766602,54.75033741727105,0.8993017847366805,-24.740161960320645,11.759214381909407,6.717872320652902,9.587774637003944,-3.5327773591596063,-1.0209520705908561,-1.1092810837537384,0.8440796783033264,-1.1519749305811955,0.37961125159554177,-0.4459264745547245,1.0776048563885159,-1.3140448922007208,-0.12271917012061477,-0.15393197599008562,0.4295076494978355,-1.114131522968501,-0.179463571444131,-0.6099567860425923,-0.1925302200156377,-0.46719043839264407,-0.486053885601745,-0.640381254813158,0.421276127207797,0.022396341272492376,1.2970297652507699,0.9710633243254626,0.15051577994770793,1.1777443698939551,0.07450334670903422
17,1111.1188769414575,296.7293906810036,1674,46.167120311826494,0.978375219170076,0.4246625098166663,-99.08747835256719,-24.151692341505356,20.666605948758917,6.493091733987209,2.0611869038347335,1.6037259253587368,-1.9653238188112063,5.302737474380846,-3.1535598520003556,-1.760692660069671,-2.926176956837363,2.1505636180833494,-0.35876294203801423,0.7599050956756068,0.23667756892429764,-0.3689393874720242,-0.6588331967499738,-0.3530499995642834,-0.07732765487251163,-1.118599178241341,0.09370275411021987,-0.6447314028362298,-0.23020816144447434,-0.2178912627280957,0.7293590645675091,0.23004464735010421,0.07922003684036351,-0.444004993189338,-0.02124649834072212,-0.7149680700612011,0.7218262650985882,-0.1382726317956261
18,353.3536585365854,305.3109756097561,328,20.435815879801165,0.7354260089686099,0.8455675785149154,3.3175074044167485,-27.127883539697354,-26.213361505132905,3.2733346118431013,7.660414389762408,10.384561137570861,-0.6148445136347148,-2.731844367666842,0.010225338115128163,1.1285412343245358,0.3912253865150742,0.5846143847746381,-1.495115576956033,4.671302004339176,-0.40447919214570793,-1.150057894337295,-0.22612748896024115,1.7954478488322965,-0.859339725109726,0.5468054843377868,-0.9194398021697717,-0.8535458864121965,-0.38816841662205925,-0.3905910304346396,-0.523414470030305,0.07939338601408683,0.21914180040451087,0.6432921375430828,0.46818301246419974,-1.0156854895181224,-0.6826182396634994,-0.05938962889376343
19,564.5034679722562,324.11015911872704,2451,55.86331644420947,0.9784431137724552,0.3483144339856143,-177.163618175897,-33.143555147095434,5.846504703813643,-21.978796176115818,0.7419457174076046,-7.819612018454324,-3.928888145489514,1.624484211454717,-5.4275857467409825,1.8504263704919892,0.5814164819652456,-0.6590529754555018,1.2709932204826069,-0.5141266756959346,-0.13017262177380332,-0.7013788611246186,-0.4849828042498841,-1.3114834820870278,-0.5976422250064597,0.6195570929844267,-0.5440627596821865,-0.24843317429464767,-0.32448886150524275,0.371533410404585,-0.5854056009354555,0.6152142350521795,0.5567029736555282,-0.23049784357119643,-0.08672607221683315,0.2030229880127076,0.18927721494839653,0.6119635950190064
20,391.90191897654586,331.1194029850746,1407,42.32550105364819,0.8821316614420063,0.6266876492703334,-43.287454071838134,-46.83685701685434,-10.711681515191835,8.869140532304648,-1.1737809922352291,9.025570934545287,3.035698397834101,-4.009205681493848,2.5787460983493156,2.3351086498379727,-0.010015224228032657,1.002811365678307,1.7103321166532814,0.4839887988758415,0.8767577774669059,1.4952045922873312,0.9263267248529843,0.4453392008692889,-1.4432137757464671,0.17850243887374506,-1.4478325683470732,0.9649837157556986,-1.5867307026572386,0.2603470535971615,-0.18263974602878177,-0.12465889527823702,-0.3286200893969759,0.36201152177719176,0.10695794520933197,1.3870995453030313,0.18179198346648756,0.30854139989932267
21,234.9332860184528,343.4819020581973,2818,59.89982501697053,0.9853146853146854,0.3066334541544792,-150.2682483086373,-28.646796573944798,-22.471132224265045,-21.602817611983234,38.49884035478838,-13.207694360465702,-8.201563452565317,1.7419739307560025,14.806569560932212,-2.314039992113466,-4.523957923521186,-2.504439346436157,1.4822173809667556,2.5586515857715453,-1.2190664576282093,-0.5191341226168938,0.7935952383563949,-1.2483458329441457,0.4495646258570121,-0.43538318054568564,0.1667872123625072,0.3944533042809345,-0.05557256132062615,0.1557770673110496,-0.3934859745735537,-0.12314030950456462,-0.04279601544187211,-0.13634427000646748,0.268215352729317,0.10443088049658472,0.20845971454428888,-0.0771949898640933
22,51.25583982202447,333.2269187986652,899,33.83256346653194,0.9718918918918918,0.3829759733429109,121.63150625398772,-35.69223609367486,12.471105873435837,-2.897609168264511,3.8348709914408468,0.07683204815292893,8.538658471528619,-0.2894387300440214,-0.82669627639434,-5.9478207801585565,0.4534274484212417,-2.0651317996300964,1.8825181877076682,-0.2730535654363157,-0.24595523583198,-1.2484578198561553,-0.9150885158687881,0.5473386788291614,-0.2095802596412413,1.108502510226385,0.33046612131047365,0.2518550390421118,-0.3853942453459971,0.26420911723288315,-0.9622221764913796,0.6886664153239838,0.47400680550467106,0.2783745840946446,0.8331511741777422,-0.6285831750308388,-0.4536147938063564,0.09389134559784987
23,1034.6166861143524,363.04084014002336,1714,46.71544262528258,0.974971558589306,0.5020018143876189,-87.93980956933474,28.029548712150504,8.389982669468534,13.42006332742766,-7.2413111039677664,1.3373103797849082,-2.5836271218672415,4.320910014593286,-0.8646161272625145,-0.054364621841328446,1.1388677531589302,-2.113320077490382,0.24371891155370687,0.28443946864083547,0.04544124552590259,-0.05873570153132033,-2.3536640365157435,-1.8445177691561876,-1.3600792970189268,0.0865530395918994,-0.7856565258277882,-1.3646144880001119,0.5658371398755122,-0.8137203195337107,-0.8080846874505301,-0.9730659488571008,0.03934856888431148,-0.7545373218899976,0.10845302124254541,0.34472131376882337,0.0784575076047796,0.23553704212319979
24,1250.4982238010657,429.0754884547069,2252,53.54750652218632,0.9644539614561028,0.2547133788790677,-97.27223031097984,-64.97596574082486,-17.58800587045059,-23.517562642815555,-1.554752796380445,4.46749985602916,4.245118809301129,-5.835395798599644,-1.063333610160851,0.9439057586891907,0.7065073227869751,-2.1401296534496175,2.668373890146238,1.2317720314130092,0.06254495544357408,2.1207299898702487,-1.4363418293615648,1.2024444269092738,0.2781923550712414,0.6476480711863027,0.4465118824112148,-0.5912877254577449,-0.10586374451012572,-2.178523874376325,-0.021838972806942986,-0.186126651932212,1.0780097499061347,-0.7497414072648764,-1.0847291445079192,-0.02477207948546009,0.7116729667020458,-0.8238956050444282
25,832.1902390438247,424.2340637450199,1004,35.75377606511099,0.9766536964980544,0.30226281736492,116.67119981853845,25.039359679506408,23.590729674423244,-17.171491543589074,7.124383002357348,1.1656658426613897,-0.012090493407843187,-0.23326239531906304,-1.697138589006673,-2.3099620212061733,-2.4076403683364123,-0.9716841621325242,-0.4186234805693295,0.11419512032154981,-1.5013126298341106,0.6488918853866772,-1.6764710609595412,0.37433528695834195,-0.36980558758692034,0.08121622843343049,0.11442611540309576,-0.6920265168997913,0.7553619803070906,-0.3672128617535323,-0.559863688274685,0.014148211374667123,0.17645167972513612,-0.8843487233353112,-0.06284932592892219,-0.15896445486870148,-0.3080124815493835,0.8118005386061297
26,1040.0389895661724,433.33003844041735,1821,48.15152345422449,0.9201616978271856,0.3858040998898424,-118.63520518340137,-108.91672034817378,9.68184512529594,-2.954312645303592,-10.880087981840525,-4.063764913191733,6.585055384196171,-1.501125479310612,-0.9405087974208969,3.826145574521041,-1.11527331203208,1.277814276309362,2.3573239094054577,-0.6661514747502617,-1.1031253061905952,-0.31077167358067886,0.3004999422378666,1.220576712262481,1.5203491158225146,1.470104305985688,0.244777055913574,-0.5218378115835492,0.2042956934656199,-0.018148140994827398,0.4366890260370746,-0.22378988290631097,-0.1840226982718831,0.49624005854157377,0.3279889856947863,-0.10794849704828392,0.28889304992240056,-0.7611652833274472
27,737.3305588585018,434.30618311533885,1682,46.27730452656619,0.9762042948345908,0.3582742329069421,-41.23887870406496,87.32736634721803,0.6294472223184786,3.7896318918510286,-26.44620267770859,-6.4150334784288034,-2.549831017764796,-2.8424987289511723,-0.2049037740190629,1.2136773605869646,-2.385565537896564,-2.800632189484772,-0.07301322753324803,0.36713122713190405,0.0526638300588367,1.7074624796382711,-0.5083860007577593,-0.3930183161178811,0.20770743043379178,0.1147151739471201,-0.2969644843150247,-0.3655439553717926,-0.24678541497576706,0.19472772177930836,0.4961031114600481,0.43977683634471776,-0.23232069542574685,-0.06104336161009018,0.990155053562363,-0.09159248104601984,-0.4812751371724611,-0.6069059090734962
28,616.9034833091437,441.6161103047896,1378,41.88703967392604,0.9731638418079096,0.1304764517041647,-36.34333680113336,-13.219880317398042,5.577037731832321,12.140881780292027,12.169241636716908,2.0085144800932735,5.628692154623427,0.5943004219712709,-2.343170193017821,-0.4426568246203939,-0.48046834922030984,-1.097894531961805,0.32650564149339084,0.4333798498943216,1.2090509818288873,-1.6532992721508752,0.5588212542996508,0.12415092773274407,0.9331698947709948,-0.2119406150131519,-0.15330367167456502,-0.3464326729975973,-0.12883221410061052,-0.23986318017192754,0.556373094046419,0.12410571805232345,-0.516846136209825,-0.3627823456552924,0.38244555751570963,-0.08872533724365371,0.8185523673596532,0.0198454728576401
29,1495.2779403159743,453.7987126974839,1709,46.64725481689563,0.9721274175199088,0.3870030598979745,-83.2353308518499,-1.763501826912275,6.4265135577458485,6.292613167879208,-0.671182567643914,5.7760900224795675,-1.3809160009873136,4.654073146899547,-2.5237367625481393,-0.6568181021638202,-2.925262994221335,1.4075662699484877,-0.24858851223893785,0.5488730885724037,-0.4203407559103806,0.6466003684240722,-0.8957749913726544,-1.177317536080407,-0.20127157437308246,-0.9364526018429927,0.8586070915467952,-0.3321728023682913,-1.3475169422527842,0.63949002692927,0.05574613007074976,-0.025556908471636868,-0.2706552650627402,-0.29481418840775275,-0.06318080112866024,1.0996534897617507,0.3522237743309925,0.26269332965597314
30,1684.885611077664,486.6062612883805,1661,45.98750791035654,0.9759106933019976,0.2940496099046639,-62.85881244007056,73.71292624162987,0.8026413879760668,19.125148741452996,5.580720895589857,3.232644219346982,-6.7065181469423,5.824377614034082,-0.08523409054674562,-2.3331118018272194,3.554550243889359,1.1197652028211276,0.5436590471118424,0.051785337359158065,2.036451593906503,0.6121932012495432,1.1192644036687325,-0.6079493390263206,0.24312371620088555,0.32712086222525466,-0.6230889201251704,-0.29233849509912063,-0.6663942611029302,-0.6006956146075684,-0.8260761628392818,-0.925985819057102,0.8408277659380544,0.44217937380024525,0.9474875756663477,0.4623640834829956,-0.14756677002795765,-0.9337154256803787
31,655.2086330935252,492.8489208633093,1112,37.62768095093692,0.8917401764234162,0.473669531827165,93.07321975847525,21.471769232919556,-25.73378721564782,-0.6681792709075608,-6.12656197777156,0.8508965510336404,1.8554386792967164,-0.7290633741893913,3.773604587770572,-2.335379758311644,2.7151500895605842,3.625920082397126,0.42850682220930764,-1.5535598503107013,-0.8586462038152985,1.565692602272334,-1.0770415325488478,-0.58580471636627,-1.8499231654779347,-0.9712267023434705,0.6855269741757056,-0.05363621485664943,1.1520108140753174,0.03865514337725995,0.7991803369826329,0.6484908960456243,0.5625365005701191,-0.19248810745134443,0.030384150764487444,-0.19035969212219614,1.517725989288707,0.06088178625609345
32,1293.3609907120742,495.4699690402477,1615,45.34624421875849,0.9811664641555286,0.5925621358266783,-43.84855245306121,67.57789189734312,10.404786099238304,5.414269399612308,-4.4273730314170106,-0.3453956112822405,-1.3507684326602123,2.0764535705715104,1.0828473782484493,3.3463510328042236,0.9365533174111196,-0.5422192629134136,0.08343698293753715,0.7571908441049578,0.8255938038995044,0.8217578495859781,1.2945281569841585,-0.012035124582063132,-0.02221026044140456,0.43091753189134563,0.7715859600340743,0.10449633470150795,0.4506411956845884,-0.14800977619475922,0.4601767841908199,1.0986223341527808,-0.8308154092986537,0.41323518435855316,0.18613708849428995,-0.7460244007314565,-0.31856538020128095,-0.5867918473536623
33,96.755873340143,517.2053115423902,1958,49.92998125967452,0.9175257731958762,0.715025373282007,-101.55763537259837,21.920018591502867,5.729537719280459,-2.8205286497162576,6.8984484658884915,0.13787942825987642,-0.5308583033280053,5.197576211722448,-2.450921688722565,2.825327972009466,1.9312227583733932,-1.3816635891567848,-1.1163847287985054,-0.743137914814048,-2.505524686311139,0.30453340608405804,2.629614082522461,-0.24515775638176573,-2.321634424380888,-0.7034477864119788,0.5807406104848568,0.6645795961266661,-0.9487572790579173,-0.29743087908528265,-0.7281101860771174,0.9955899138409704,0.05934974540766177,0.37523212449004373,-0.4013151138884572,-1.1890699002013376,0.14824860884082508,0.3132614112185306
34,591.2815230961298,535.6785268414482,1602,45.16336735304101,0.9732685297691372,0.4624037267879903,-47.25894627477301,0.08063329451046741,3.8796002862309744,1.549523820986525,-7.490817659164096,9.301506242147894,1.9770771794658155,-4.453132400525509,0.6764043779000001,-1.7001768420637753,-0.4665166478351123,-0.9260501486770644,0.8396197679513152,1.018770802840696,-0.2786531471762769,-0.15281541767632745,0.5614360647333493,0.22261566077158074,1.7807283902850137,-0.2626334399670915,1.2144818620437423,0.7659149005366254,0.07574203784427998,1.0180529483368357,0.3338797316503197,0.4465371442885472,0.24559297016464435,-0.09470401250135799,-0.45491824299708417,0.9480710798099538,-0.7176858192705888,-0.42890783803270094
35,993.4192415730336,564.4403089887641,1424,42.580431088739246,0.9070063694267516,0.6847368490054998,-7.54950326972442,47.716774343030416,-6.557117905321846,3.9014396279681103,21.163963645819216,3.852798899333524,-0.02777741879827542,-1.023767017689702,-3.9823933623315813,1.3997550560371084,-1.4316804365264266,0.15863469694069726,-0.7003337681666135,0.1710762760068194,0.15025900633209824,0.9638586110127061,0.35203824999283406,-0.7662506424858524,0.9877848851066866,-0.2990547123330068,1.0571916305210167,1.6607617041122356,-0.25472161247080005,-0.5843496934522506,0.9066318202175986,-1.2020363582198679,-0.09419542158574347,-0.4753213669961798,-0.4609066767167071,-0.2363017757139774,0.14817514970520762,0.2447707311185646
36,1593.460339943343,561.7828139754486,2118,51.92996587471509,0.9086229086229086,0.5444542635162035,-79.22106879604361,-81.9748495228683,-9.68328765187934,-29.852704428544694,-6.352667039543037,2.3289078243622683,0.9667726589460244,-10.769477608380859,0.18237524170597577,0.4864500390609158,2.6912259605741022,3.867898745571874,-0.8989831814060404,-1.3004244322998375,2.7475634334411665,1.39830430907797,1.2695730170619854,-2.0289523259783206,0.6234064175543226,-1.9732016327966786,1.5445480298656928,-0.030598832802201513,0.7129811721379423,0.23441244455180604,-1.817044067246622,-0.29039208178078135,-1.25376073155684,-0.6878430275542264,0.8495504344025082,-0.7149586640126533,-0.2114719585743632,0.01724478141101819
37,1565.3536585365853,557.5975609756098,82,10.217907939900584,0.8541666666666666,0.8075465697134551,63.009525386731184,-6.23699646352885,-1.2477867345637195,7.965312819255792,3.34979528839694,-1.010270174819078,-3.613745780551882,-7.1807949554915105,-3.6827322298196554,1.6221298814967615,-3.127847213971048,-0.8937748378465223,-1.187055019088358,1.803772660873369,1.6623755339880064,-0.12833427865607927,1.6287425502995097,1.1956638674759226,0.5485030981815933,-1.2580282085832213,-0.49528473238947307,0.11753943395380968,1.1881700094518584,1.1883040533612177,0.7894325088652705,0.0912131296910907,1.383799114847098,-0.6183105491147062,0.6047052986589911,-0.4898922417675559,0.6984790713262786,-0.5940894990492791
38,69.99837662337663,570.8847402597403,616,28.00563442518059,0.9520865533230294,0.6359637515468705,103.89093365218702,-31.28281470020486,-28.964313004272316,-1.1356590433448306,-4.201488418485577,-6.411212518465211,6.772756117508019,5.339747137837705,-2.540543898106879,-0.21330804539237225,1.3885481983778236,-0.09387300108333059,-0.36028232365536234,0.6307562217059537,-0.9159136448852557,-0.6808504884101325,0.1989872913288002,-0.38674809114345055,-0.47548060029807254,0.04464548438321161,0.0060485997321624105,-0.0364943369438773,-0.6923728124657474,0.025613314786507344,-0.35205558203148085,-0.02119358006231074,-0.790692379058043,0.5000921819412153,0.17490732963986375,-0.1621417965022661,0.020413286058189595,-0.8704339418244587
39,952.3549222797928,602.506908462867,1158,38.39806496170502,0.9788672865595942,0.3814185410142524,80.24699307944367,25.57957247846757,17.095804318072837,-6.310421051165634,8.57059133882068,4.254085983632354,5.379314784860189,1.1094990938027114,0.706017524151432,-0.9909136226296001,-0.48713111518995683,-0.27546258761998327,0.15107403863917496,0.3975675040917702,0.5163116694407794,-0.1010727414750897,0.6392858160764624,0.8557402843098252,0.07256068296469989,-0.12102982338190789,-0.6005510443764909,0.8473318246922167,0.49994498026516726,0.11979722800797686,0.028380776942143724,-0.6343877604556132,-0.24942745620502757,0.5899357272401118,-0.21858660643476335,-0.9811483541047489,0.3160461214715694,0.495852977044326
40,1472.312133072407,636.0737116764514,3066,62.48001635849665,0.9282470481380564,0.8716367587114965,-145.37318536622018,-13.37404796135194,15.555737703155039,-2.8979045342511394,-12.221048019301149,-3.690362965941987,-2.042829358333963,0.9250867690732398,1.6268290429267755,-5.032189402663369,5.0385037898603215,0.5399957921280015,-4.565791310406658,0.9590495685269096,-1.586406014845336,0.5258604065855695,3.639094053976147,2.5526407781762996,0.4780924436113879,1.9870744104316351,1.3326354442105908,-1.0157816826894968,-0.3348382777997953,-0.060028845378779346,0.7755215423638986,-0.3690397899465294,0.22669963993703285,-1.00778627798238,0.3412061314842972,0.5540432940912623,0.7764830022905834,0.7548719651154473
41,1781.75,623.60546875,256,18.0540666735282,0.9552238805970148,0.5930576955375417,149.41838238676482,-44.86639583933253,-25.688901348936152,-4.476031933899963,-8.949792439761767,-3.6997358568762078,-5.462884839712728,3.123510932212256,-3.5138683677987075,-2.642210428049847,-0.4164664604647106,0.219770048204231,-1.4342859696880685,2.1163939804515177,1.8140572694139698,1.5300425485875087,1.7452076762415043,-1.153707347416478,-0.8604160956885477,-0.7373702553304003,-0.7959748581053374,0.6465984164182038,-0.1306706140089869,-0.15345794705551796,0.8796686904578013,-0.24968551501485012,1.0143086206984788,-0.17408549521773942,-0.3702171379325664,-0.2714921602333501,-0.07626271462734684,0.3163764901960085
42,9.31728045325779,650.1628895184136,706,29.98177977677484,0.9764868603042876,0.7733872724130196,82.73794634998616,13.760232367670033,32.64445169753382,8.330744553297963,14.865032857263655,-6.206985171588082,7.947006942667692,-6.579450642480252,0.06256252823623935,3.645107138051461,-0.5828484426655877,-0.29363153111257323,-0.2712002968475883,1.20896627195011,2.982142066836103,0.2937769570812107,1.2683494672899351,-0.8028060945597473,-1.096099055181608,0.19641057521153688,1.3736327912831297,-1.3017322834447866,-0.7612466562399398,0.08942253448695676,-0.9977507871836232,0.20259768124041408,1.3232423125026385,0.3985652806086761,-0.754140489780041,0.7832482431269362,-0.5361575129335532,1.191683203165366
43,977.0515050167224,726.8220735785953,1495,43.62903986313552,0.977124183006536,0.4582345174476313,-23.236581148395857,31.205383103918148,23.88000466960207,-3.7265699755997623,-9.22480699486102,4.554327321154876,0.3278101094590653,3.9846817952777296,3.179239809400079,2.887065973778281,1.298408891445983,-2.5803059513343047,-0.8552202877649416,0.07496209789592596,-1.5376642521161266,1.7149530074025998,0.3711632308443197,0.41600277093179466,-0.6759762365913,-0.915148030685171,0.45847751145215015,0.5897519674273966,0.3940818403862594,-0.44590796093340085,0.08116769902118169,0.6471526245348688,-0.921399186056089,0.07380241821949649,-0.421979912353746,-0.9868690554585419,-0.5779202754573797,0.18104684871670151
44,152.3875305623472,736.5672371638142,1636,45.64011278674415,0.970344009489917,0.350663203946266,-52.94011968512362,28.65157464953677,0.810268053723323,2.5474055592676095,4.483990485273582,-3.1539785945810768,-1.7098209451051702,-1.220452269253971,-3.5729330268304356,1.7402199837976415,3.1053980853385705,-0.023525830670888467,-0.4658496746877521,1.7356383318092685,1.519727275600107,-4.80763707083967,-1.5784362949397854,-0.9309850294039564,1.064037017507534,-0.29008312830808725,-0.29154365281180245,0.30209608913018504,-1.0318835447478185,0.2995025699548419,0.12982312364911433,-0.3566939579041701,-0.9629948620303412,-1.0082912292080244,-0.021712833347618903,-0.5179418706804623,0.380605244696932,-0.1350303601051784
45,1123.8274695534506,737.6224627875507,1478,43.38027255698805,0.9775132275132276,0.5555105562272817,-18.848213209345168,27.79175318988039,18.893045697398854,1.7646237472614785,-11.573107603395794,2.805522929823579,2.262113112608279,1.1303737242795866,3.318550980601786,2.773558177943515,2.006243669628715,-2.104675565748625,-1.3022255441142714,1.2254719861062306,0.19723549322433168,-1.6888021744586101,-1.4570047669551174,0.6198328586953875,-0.1293934807023864,-0.40146742461668533,1.0284706259792684,0.42189468759119675,-0.35808975001708526,1.1915067510033153,0.23874230096664195,0.09588571606584931,-0.6859098710552176,0.18079247300706253,1.4663534378894796,1.0202876974365933,0.7749002259015311,0.31618712757565604
46,65.01904761904763,735.5032967032967,1365,41.68899109553381,0.96671388101983,0.5181788227658518,23.799896310000484,33.963760929746144,-8.702598668173739,11.844575451254252,1.7594776680053248,3.8062688105034845,1.4424038173587412,-3.0743079826729747,2.976892224045341,-1.5560294530919587,3.448116039593879,1.071479146953535,-1.2741809881719683,0.4741975034335512,-2.493611002096413,-1.2714977086519021,-1.2132069552659719,-1.9288855087846069,0.49418628391192987,-0.5819493505187169,1.5916393632426047,-0.8581917217332719,0.42976929223947274,-0.5476798709392526,0.9572343669137614,0.5127953113483277,1.294343982817946,0.0941732782835105,-0.10268688964483068,0.44063676772772237,-0.7892910674994075,-0.796470563657327
47,1604.5227642276425,742.670731707317,1230,39.573787284315486,0.9746434231378764,0.2869942560415693,49.400379792738875,25.876094519786907,7.684584723236032,3.494697525030518,7.694971998019085,0.7523513809235107,0.9606450506912242,-0.4061464180177948,-2.3092832235653087,-2.9114108707315087,-1.659055126639403,0.40860903107649627,0.5447872711156974,1.021148128210685,0.101020335440908,-0.490607106606094,-1.037110987380656,0.4451407491764584,0.1667912153482711,0.18545335136271646,1.5527553996037988,0.5895956239393878,1.4276866234386294,-0.45947853253720555,-0.05052837781060759,1.1099596643272818,0.47885104013846463,0.5876761857300111,0.7313619472238674,0.23263516740582393,-0.7917963513449116,-0.36555444959232425
48,1720.7441314553992,762.7828638497652,1704,46.57896718722644,0.9810017271157168,0.6654967967486015,-47.20615177502236,61.52217916230588,2.9074449410718435,-6.886501285434402,-4.813218895605882,0.18404685201828241,-4.56568507918895,5.795844503490008,-0.29193239678628186,-0.3842893470316144,-2.43164539406379,4.851041585044807,-0.7046366404824917,0.5410009952419953,0.3574002747657993,-0.5843874634462459,0.6344251194035929,-0.5313290727533323,0.2328756269484621,0.34316848570924874,-0.6235919790088855,-0.3631146215790117,-0.9847144408088556,0.17663566952193707,0.6764028150646412,-0.10809394627017033,0.31823334645521856,-0.575438240556321,-1.0402186899392407,0.14566703146888121,-1.2094044938718718,-0.2989091701814218
49,633.4803671596125,773.329423763386,1961,49.96821737090141,0.9785429141716568,0.601427209735769,-73.00765121940489,66.97227386717745,-22.979378081471246,2.857233855568844,8.194808341104764,1.9337521971282752,1.800616776788547,2.467769348607773,-0.833409093592188,-0.6837526830714967,-0.9733225699350758,2.3526447674560997,1.5831737823131924,-2.0121219332047677,0.1500079500049389,0.8997900549128008,0.7309404712966968,-0.4435278540739388,0.5010085704211366,2.5112166086424654,-1.6661526203947663,-0.4172151043004749,1.9676409953946152,1.9730567638651357,-0.8022329849555727,0.9755769363468061,0.49457082887400217,-0.8331781889332285,0.4159128179862752,-0.06100277347583497,0.4263374948687005,0.29122635809704983
50,978.5607569721116,796.8286852589641,1004,35.75377606511099,0.9719264278799612,0.2584836098485684,100.8224064132048,35.21918712252637,22.334504116055488,-5.2738955926749345,9.369197422357466,-5.89988917393499,0.9264552029174932,-4.768947602760093,-1.5853934686764324,-1.969152755300588,0.9232131193216582,-2.441811215187528,0.10730495083645465,-1.1431276687780805,-1.21838983218916,2.1683598527558887,0.9994659864912786,0.6541988080535208,0.0217093142855206,-0.33312833025919236,-1.8943132944806993,1.0692753115248972,-0.1978648292831865,-0.7057864862260431,0.5391066868335869,-0.591193060613422,-0.6548484380869307,-0.34359852330245466,0.06213841133730989,0.6032819402597709,0.38576179698420937,-0.6142730802053845
51,1159.3777637397347,881.3108022741629,1583,44.89474578740548,0.9765576804441702,0.6486129584873593,8.467649077509341,49.3024806743977,-23.02094436182663,-9.138061681224833,2.2909420520796138,6.575862328112275,3.4115338815156835,4.211467050168259,-2.8002785387879277,-1.712066514891352,-4.203921234756973,1.2608750005847453,1.9428509872000408,-0.5063839023481467,0.25662417717835084,1.5422713240275983,0.7182934560178599,0.7025635486580809,0.7234932072578805,0.1829864200046152,1.1103345170914631,0.4125764493607448,-0.6710452534476574,0.43664903568675084,-0.2931722863163315,-0.036588779773845774,-0.4515900438494089,0.5725573334802597,0.5370649340491472,0.18264334716136627,-0.2090124763194608,0.5279437027823674
52,557.5917159763313,879.3550295857988,169,14.668929172241665,0.9548022598870056,0.6381379622340445,120.77613342717966,-112.40892721090887,-14.468989600991172,27.023929022361987,-9.844830259720347,-2.5440539033431193,-2.4303241800603055,7.4676392469123645,2.3186083265574324,1.0434792410840672,2.7302496949416097,-1.306189558507723,0.7961690039048939,-0.8362943612527425,0.9923682146566782,1.8278170628077948,0.3051179864107327,-0.6828188400716975,0.9637555694346032,0.4203610542940838,-0.38953360820394795,-0.73723547786967,0.09552526267736568,-0.5285716096224897,-0.1608107514292406,-0.2009717206790746,-0.24175843568104105,0.05961796506722262,0.26442653520659787,0.39467436256237165,-0.5248620812729313,0.17772963134937556
53,1535.3333333333333,914.6753086419752,810,32.11423409074988,0.7833655705996132,0.849810373337912,48.228720507858604,26.948025745361626,-20.185238088298924,26.88410566871008,-12.840537730517369,-11.06650344784596,-1.1110272721144814,-5.517850268869205,1.210381997914865,1.6035248518305236,-1.8988558705698186,2.2316181807782853,0.8265193606655895,-1.444951959075407,-0.9286932427805842,0.07830702333272012,-1.728968663641566,0.3475730094054609,-1.348423732249493,1.9222028954885102,1.639006707343799,1.7784071154717713,-0.8804201235570082,-0.46780315171726206,0.25217251989095063,-2.095008382537832,0.3742965151232863,-0.5224853771733871,1.1038782475929216,-0.8492619003746414,-0.4797549443461591,0.5800038242637631
54,318.3018867924528,899.3018867924528,106,11.617374563210364,0.6883116883116883,0.977924739666186,58.73311550812349,-25.852567624628755,-22.65002548687509,42.0888304664549,-5.051581209288897,-12.311938451792138,10.766993934006168,4.8196551789639495,1.8567590696848835,5.696214745489666,-0.9617964904753186,0.473280632649826,-2.2036320958100086,2.0362645292784785,1.1585296323913623,0.31630046170703113,-0.5174651902793661,0.8881044253745948,0.5679323894594164,-0.7576290731000573,-0.5231854797331841,0.3688781507987049,1.1150761939072578,-0.4430605921400844,-0.35650719325216645,0.9517229236366824,0.19153941495376586,-0.7981033931635526,-0.3553776096690856,0.21155652883835876,-0.11279530812577714,0.4739388445595171
55,423.3218116805721,911.9046483909416,839,32.684063058818154,0.9721900347624566,0.1045384140897318,145.40038885712687,37.50797824358581,19.895775389608577,-16.453550024967587,9.542168258744317,-6.766179763244292,-6.491227848878885,-5.940500590324987,-2.1683706959385223,2.94774374026483,-0.13628483264028826,1.023234100479594,1.1331049316184398,0.4677382580202,0.7926852736077626,0.6378293458013191,1.1007570818033883,-2.222665283816865,-1.407469307533276,1.9842904569408544,0.2175738315233412,-0.9646532832191868,-0.055961587946542275,-0.5718859536858591,0.46785364944561897,0.6300439214381613,-0.8915150061012225,0.6709001518105568,0.15947636972324317,0.41964852974608485,0.3270283886619951,-1.154107911832852
56,895.0436781609195,920.8477011494252,1740,47.06842686811599,0.9786276715410572,0.3702653844140122,-32.78946119421699,96.777557893312,-13.6841388044018,-0.5101870987416007,-25.66136907055744,-14.134754511825761,-2.670712796963553,-7.504710973408069,-0.6919959214390973,-5.34290691561998,1.1644395054780259,-0.4313200041461091,0.07018574630261051,-0.6480859403590098,0.5435288494752423,-0.48494891504489507,-0.10275965898428584,1.2843236863805783,2.2755545248897713,-1.6810405692549515,-1.0590441080612156,-0.7493724121019292,-0.5703905066199277,-0.5912773389228234,-1.0157612476308584,0.32982856130358734,-0.0015721233392528252,1.6595164157607125,-0.48651464983462506,0.06930161603129688,-0.021520806904392356,0.6608879220156999
57,1757.1068702290077,954.7879558948262,1179,38.7446696107059,0.9800498753117208,0.3767681928683002,110.24892704526633,37.84233874475678,29.897950059829487,-33.80847043959347,-1.2688198160225945,1.9624207761722536,6.083997456278494,3.2903583819903983,7.088129615777638,4.539888130179749,0.026289026687224593,3.915603884049356,0.09411380909062594,-1.706751625890823,-0.38750462336383423,0.8541817880582933,-0.9046902267281219,1.2498358697807144,1.2515336238077965,-1.3880167787312845,-1.2588968969648273,-1.2854733595842402,-1.6633423704993788,0.31450528968027697,0.1458155644112277,-0.599000881997087,1.3424504557362675,-0.15212859883278834,0.6546801273941386,-0.9006640211111385,-0.050542295849689736,-0.3089671911581253
58,515.0171557562077,974.344920993228,2215,53.10579621461659,0.9787892178524084,0.4418922071693425,-133.73601026256904,48.7593512279699,-13.75886358866115,-8.687268531645802,15.594547015269484,-3.950103438996674,-6.25174174836167,6.029378999231274,-4.117036558617416,2.04333757938695,1.667772501884852,0.11843037441338605,0.13048633344683763,-0.7131719659759975,0.39790072109775504,0.08003678207023417,-1.175759082066268,2.5236286358307987,0.11559227430305084,-1.1576918496562145,0.9130958191175265,0.520226840159201,1.5663325026847215,-0.17921816381216804,-1.29857002351265,-1.3547973048345638,0.28029888517062257,0.671886636226093,-0.43546727314278055,0.5955518686449706,0.5459101085058206,-0.5496173252177743
59,1648.5806094182826,992.1036011080332,1805,47.93951791838304,0.974622030237581,0.5376520057654113,-75.0310977648541,15.642775823119724,5.542555248713109,-10.978073452191358,-20.430988177690168,5.932874054498811,1.4232579651898696,2.560646523033564,0.15315210735665755,0.6809935251212987,-3.9635319637410023,-0.5666267802334098,0.8988462537086477,0.8556603574598259,0.2729691528123896,2.001581666136073,-0.7869531192528143,0.661862998244471,0.6384146908532112,0.027579266532016228,0.28738682558915396,0.1593288343821764,0.23716558622477327,-0.650147328599094,-0.25487954158221476,0.12775701066352435,-0.707967720490288,-0.2780810465930754,-0.3742392008566233,0.9472099440227482,-0.34071343726277054,0.21347176005177887
60,817.417445482866,994.1079958463137,963,35.01613458935697,0.966867469879518,0.3264390131128651,91.28341132220508,18.63679684748301,-19.03954088494881,-11.235796954062694,-1.2052513169436243,-2.0890481023083907,3.0458631432381007,0.7762555893634694,1.2961952306936992,1.042547115785923,1.4411947378171837,3.623585763612373,-0.038496997327488146,-0.21907122075731886,-1.2786265112092046,-0.9145354854764539,-0.11936585292126725,-1.4554074998723279,1.3023135315620717,-0.004820935536462395,-0.3118401416046032,0.9909512609792728,0.5913487779100086,-1.0303141471098387,1.1004147154292947,0.6774806085109261,-0.6455962756562924,0.9435279191016689,-0.478495537779449,0.7406895886469335,0.6327157478693693,0.9186970299257662
61,1251.7786259541986,1013.9935408103348,1703,46.56529764410384,0.9781734635267088,0.3092637295396374,-122.07464380254655,-37.22058524459194,27.968542488134567,10.095867336107778,-24.930160761262613,5.895520370189933,1.0513200574278254,0.35711830698358343,3.5412042188040447,-1.0480692156092288,-0.8513268860198555,-1.2141570074785843,2.1368962993649636,0.2650602648088703,2.0432110695525885,-0.9937727241561863,-0.32113852588674163,-2.0521474413744962,0.2575574620932329,0.42567927391616184,-0.4779666146095562,-0.08122190146763555,0.9480344185752009,0.10941369737369182,1.2053758683603615,-0.9625570954743686,0.5023868538182282,1.7139669073751393,-0.41724108533494436,-0.7979963085859886,0.8825631661884443,0.5931606330847122
62,968.6381733021076,1019.8466042154566,854,32.97493853222215,0.657428791377983,0.8492793280244516,-9.902035307510612,-12.562837625293326,-12.312063175670426,8.219792786959824,-5.231820379054275,4.5416320371999594,0.6031600180238434,-7.5615245684554,0.7333286647292022,-0.7151176329912813,-0.6805153827805659,1.8418515741717794,-3.8210348745007434,1.8799856770954821,-3.196525680848767,0.38193203531740694,-0.42637477813484237,-0.4715437144952037,-0.5479399048980083,0.2130733468691508,-1.5206252919847094,-0.9218290845996512,1.104363801756273,1.0828859702794873,-0.4635099084557879,-1.407610413165757,-1.3427403454007316,0.1458146959424508,-0.7266942651103844,0.11574411166501149,-0.8589114444239935,-0.21756705654721642
63,1359.3624288425046,1035.6954459203037,1054,36.63324282875953,0.9741219963031424,0.9062232083050996,-1.2240673561544866,3.5032439457785114,-1.7096471132713864,15.623928350011608,-13.8501742746075,5.069631786452189,1.70107201204475,-2.7692737440623802,2.4257417657157982,-2.0526131192934116,-6.620415522925408,-0.42139187308510795,-0.3803038135276887,-4.073810969216309,0.026239286353014167,-4.613501307223175,3.1837926490089585,0.3849487239546144,-1.6570479085247842,-0.6031893120109727,-0.043980564176998437,-0.7921297920523345,0.5902473637022965,-1.8167125443150924,-0.4272046402050482,-0.25260787212398444,-0.2874186074778518,-0.5488820203042459,-0.11248690292687367,0.19026599902030636,0.03799312192971324,-0.2527456538309513
